marketing_alias,manufacturer_name
NOK 6103,NOK 6103
NOK 8801,NOK 8801
NOK 6030,NOK 6030
NOK 6136,NOK 6136
NOK 3390,NOK 3390
NOK 3650,NOK 3650
HAR 4G ADPTR FCA UCONNECT ACC,HAR 4G ADPTR FCA UCONNECT ACC
APL IPHONE 7 PLUS 128G,APL IPHONE 7 PLUS 128G
APL IPHONE 7 PLUS 256G,APL IPHONE 7 PLUS 256G
APL IPHONE 6S 32G,APL IPHONE 6S 32G
APL IPHONE 6S PLUS 32G,APL IPHONE 6S PLUS 32G
APL IPHONE 7 32G,APL IPHONE 7 32G
APL IPHONE 7 128G,APL IPHONE 7 128G
APL IPHONE 7 256G,APL IPHONE 7 256G
APL IPHONE 7 V2 32G,APL IPHONE 7 V2 32G
APL WAT S1 38,APL WAT S1 38
APL WAT S1 42,APL WAT S1 42
APL IPHONE 7 PLUS 32G,APL IPHONE 7 PLUS 32G
APL IPAD AIR 2 32G,APL IPAD AIR 2 32G
APL IPAD MINI 4 32G,APL IPAD MINI 4 32G
APL IPAD WI-FI CELL 32G,APL IPAD WI-FI CELL 32G
APL IPAD WI-FI CELL 128G,APL IPAD WI-FI CELL 128G
APL IPHONE SE 32G,APL IPHONE SE 32G
APL IPHONE SE 128G,APL IPHONE SE 128G
APL IPAD PRO 12.9 WIFI 256G,APL IPAD PRO 12.9 WIFI 256G
APL IPAD PRO 10.5 WIFI 256G,APL IPAD PRO 10.5 WIFI 256G
APL IPAD PRO 12.9 WIFI 512G,APL IPAD PRO 12.9 WIFI 512G
APL IPAD PRO 10.5 WIFI 512G,APL IPAD PRO 10.5 WIFI 512G
APL IPHONE 8 64G,APL IPHONE 8 64G
APL IPHONE 8 V2 64G,APL IPHONE 8 V2 64G
APL IPHONE 8 256G,APL IPHONE 8 256G
APL IPHONE 8 PLUS 64G,APL IPHONE 8 PLUS 64G
APL IPHONE 8 PLUS 256G,APL IPHONE 8 PLUS 256G
APL IPHONE 8 PLUS V2 64G,APL IPHONE 8 PLUS V2 64G
APL IPHONE X 64G,APL IPHONE X 64G
APL IPHONE X 256G,APL IPHONE X 256G
APL IPAD PRO 12.9 WIFI 64G,APL IPAD PRO 12.9 WIFI 64G
APL IPAD PRO 10.5 WIFI 64G,APL IPAD PRO 10.5 WIFI 64G
APL WAT S3 38,APL WAT S3 38
APL WAT N+S3 38,APL WAT N+S3 38
APL WAT S3 42,APL WAT S3 42
APL WAT N+S3 42,APL WAT N+S3 42
APL IPAD 6TH GEN 32G,APL IPAD 6TH GEN 32G
APL IPAD 6TH GEN 128G,APL IPAD 6TH GEN 128G
APL IPHONE XR 64G,APL IPHONE XR 64G
APL IPHONE XR 128G,APL IPHONE XR 128G
APL IPHONE XR 256G,APL IPHONE XR 256G
APL IPHONE XS MAX 64G,APL IPHONE XS MAX 64G
APL IPHONE XS MAX 256G,APL IPHONE XS MAX 256G
APL IPHONE XS MAX 512G,APL IPHONE XS MAX 512G
APL IPHONE XS 64G,APL IPHONE XS 64G
APL IPHONE XS 256G,APL IPHONE XS 256G
APL IPHONE XS 512G,APL IPHONE XS 512G
APL IPAD PRO 129 3GEN 64G,APL IPAD PRO 129 3GEN 64G
APL IPAD PRO 129 3GEN 256G,APL IPAD PRO 129 3GEN 256G
APL IPAD PRO 129 3GEN 512G,APL IPAD PRO 129 3GEN 512G
APL IPAD PRO 129 3GEN 1T,APL IPAD PRO 129 3GEN 1T
APL WAT S4 40,APL WAT S4 40
APL WAT S4 44,APL WAT S4 44
APL IPAD PRO 11 64G,APL IPAD PRO 11 64G
APL IPAD PRO 11 256G,APL IPAD PRO 11 256G
APL IPAD PRO 11 512G,APL IPAD PRO 11 512G
APL IPAD PRO 11 1T,APL IPAD PRO 11 1T
APL IPAD MINI 5 64G,APL IPAD MINI 5 64G
APL IPAD MINI 5 256G,APL IPAD MINI 5 256G
APL IPAD AIR 3 10.5 64G,APL IPAD AIR 3 10.5 64G
APL IPAD AIR 3 10.5 256G,APL IPAD AIR 3 10.5 256G
APL IPHONE 11 64G,APL IPHONE 11 64G
APL IPHONE 11 128G,APL IPHONE 11 128G
APL IPHONE 11 256G,APL IPHONE 11 256G
APL WAT S5 40,APL WAT S5 40
APL WAT S5 44,APL WAT S5 44
APL IPAD 7TH GEN 32G,APL IPAD 7TH GEN 32G
APL IPAD 7TH GEN 128G,APL IPAD 7TH GEN 128G
APL IPHONE 8 V2 128G,APL IPHONE 8 V2 128G
APL IPHONE 8 PLUS 128G,APL IPHONE 8 PLUS 128G
APL IPHONE 11 PRO MAX 64G,APL IPHONE 11 PRO MAX 64G
APL IPHONE 11 PRO MAX 256G,APL IPHONE 11 PRO MAX 256G
APL IPHONE 11 PRO MAX 512G,APL IPHONE 11 PRO MAX 512G
APL IPHONE 11 PRO 64G,APL IPHONE 11 PRO 64G
APL IPHONE 11 PRO 256G,APL IPHONE 11 PRO 256G
APL IPHONE 11 PRO 512G,APL IPHONE 11 PRO 512G
APL IPAD PRO 11 2GEN 256G,APL IPAD PRO 11 2GEN 256G
APL IPAD PRO 11 2GEN 512G,APL IPAD PRO 11 2GEN 512G
APL IPAD PRO 11 2GEN 1T,APL IPAD PRO 11 2GEN 1T
APL IPAD PRO 129 4GEN 512G,APL IPAD PRO 129 4GEN 512G
APL IPAD PRO 129 4GEN 1T,APL IPAD PRO 129 4GEN 1T
APL IPAD PRO 129 4GEN 256G,APL IPAD PRO 129 4GEN 256G
APL IPHONE SE2 64G,APL IPHONE SE2 64G
APL IPHONE SE2 128G,APL IPHONE SE2 128G
APL IPHONE SE2 256G,APL IPHONE SE2 256G
APL IPAD PRO 11 2GEN 128G,APL IPAD PRO 11 2GEN 128G
APL IPAD PRO 129 4GEN 128G,APL IPAD PRO 129 4GEN 128G
APL WAT SE 40 AL,APL WAT SE 40 AL
APL WAT SE 44 AL,APL WAT SE 44 AL
APL IPAD AIR 4 64G,APL IPAD AIR 4 64G
APL IPAD AIR 4 256G,APL IPAD AIR 4 256G
APL IPAD 8TH GEN 32G,APL IPAD 8TH GEN 32G
APL IPAD 8TH GEN 128G,APL IPAD 8TH GEN 128G
APL WAT SE NKE 44 AL,APL WAT SE NKE 44 AL
APL WAT SE NKE 40 AL,APL WAT SE NKE 40 AL
APL WAT S6 40 AL,APL WAT S6 40 AL
APL WAT S6 40 SS,APL WAT S6 40 SS
APL WAT S6 NKE 40 AL,APL WAT S6 NKE 40 AL
APL WAT S6 44 AL,APL WAT S6 44 AL
APL WAT S6 44 SS,APL WAT S6 44 SS
APL WAT S6 NKE 44 AL,APL WAT S6 NKE 44 AL
APL IPHONE 12 MINI 64G,APL IPHONE 12 MINI 64G
APL IPHONE 12 MINI 128G,APL IPHONE 12 MINI 128G
APL IPHONE 12 MINI 256G,APL IPHONE 12 MINI 256G
APL IPHONE 12 PRO MAX 128G,APL IPHONE 12 PRO MAX 128G
APL IPHONE 12 PRO MAX 256G,APL IPHONE 12 PRO MAX 256G
APL IPHONE 12 PRO MAX 512G,APL IPHONE 12 PRO MAX 512G
APL IPHONE 12 64G,APL IPHONE 12 64G
APL IPHONE 12 128G,APL IPHONE 12 128G
APL IPHONE 12 256G,APL IPHONE 12 256G
APL IPHONE 12 PRO 128G,APL IPHONE 12 PRO 128G
APL IPHONE 12 PRO 256G,APL IPHONE 12 PRO 256G
APL IPHONE 12 PRO 512G,APL IPHONE 12 PRO 512G
APL IPAD PRO 12.9 5GEN 128G,APL IPAD PRO 12.9 5GEN 128G
APL IPAD PRO 12.9 5GEN 256G,APL IPAD PRO 12.9 5GEN 256G
APL IPAD PRO 12.9 5GEN 512G,APL IPAD PRO 12.9 5GEN 512G
APL IPAD PRO 12.9 5GEN 1T,APL IPAD PRO 12.9 5GEN 1T
APL IPAD PRO 12.9 5GEN 2T,APL IPAD PRO 12.9 5GEN 2T
APL IPAD PRO 11 3GEN 128G,APL IPAD PRO 11 3GEN 128G
APL IPAD PRO 11 3GEN 256G,APL IPAD PRO 11 3GEN 256G
APL IPAD PRO 11 3GEN 512G,APL IPAD PRO 11 3GEN 512G
APL IPAD PRO 11 3GEN 1T,APL IPAD PRO 11 3GEN 1T
APL IPAD PRO 11 3GEN 2T,APL IPAD PRO 11 3GEN 2T
APL IPAD MINI 6 64G,APL IPAD MINI 6 64G
APL IPAD MINI 6 256G,APL IPAD MINI 6 256G
APL IPAD 9TH GEN 64G,APL IPAD 9TH GEN 64G
APL IPAD 9TH GEN 256G,APL IPAD 9TH GEN 256G
APL WAT S7 41 AL,APL WAT S7 41 AL
APL WAT S7 41 SS,APL WAT S7 41 SS
APL WAT S7 41 NK AL,APL WAT S7 41 NK AL
APL WAT S7 45 AL,APL WAT S7 45 AL
APL WAT S7 45 SS,APL WAT S7 45 SS
APL WAT S7 45 NK AL,APL WAT S7 45 NK AL
APL WAT SE 40 NK,APL WAT SE 40 NK
APL WAT SE 44 NK,APL WAT SE 44 NK
iPhone13,APL IPHONE 13 MINI 128G
iPhone13,APL IPHONE 13 MINI 256G
iPhone13,APL IPHONE 13 MINI 512G
iPhone 13,APL IPHONE 13 MINI 128G
iPhone 13,APL IPHONE 13 MINI 256G
iPhone 13,APL IPHONE 13 MINI 512G
Apple iPhone13,APL IPHONE 13 MINI 128G
Apple iPhone13,APL IPHONE 13 MINI 256G
Apple iPhone13,APL IPHONE 13 MINI 512G
i13,APL IPHONE 13 MINI 128G
i13,APL IPHONE 13 MINI 256G
i13,APL IPHONE 13 MINI 512G
Apple iPhone 13,APL IPHONE 13 MINI 128G
Apple iPhone 13,APL IPHONE 13 MINI 256G
Apple iPhone 13,APL IPHONE 13 MINI 512G
iPhone13 Pro Max,APL IPHONE 13 PRO MAX 128G
iPhone13 Pro Max,APL IPHONE 13 PRO MAX 256G
iPhone13 Pro Max,APL IPHONE 13 PRO MAX 512G
iPhone13 Pro Max,APL IPHONE 13 PRO MAX 1T
Apple iPhone 13 Pro Max,APL IPHONE 13 PRO MAX 128G
Apple iPhone 13 Pro Max,APL IPHONE 13 PRO MAX 256G
Apple iPhone 13 Pro Max,APL IPHONE 13 PRO MAX 512G
Apple iPhone 13 Pro Max,APL IPHONE 13 PRO MAX 1T
Apple iPhone13 Pro Max,APL IPHONE 13 PRO MAX 128G
Apple iPhone13 Pro Max,APL IPHONE 13 PRO MAX 256G
Apple iPhone13 Pro Max,APL IPHONE 13 PRO MAX 512G
Apple iPhone13 Pro Max,APL IPHONE 13 PRO MAX 1T
iPhone 13 Pro Max,APL IPHONE 13 PRO MAX 128G
iPhone 13 Pro Max,APL IPHONE 13 PRO MAX 256G
iPhone 13 Pro Max,APL IPHONE 13 PRO MAX 512G
iPhone 13 Pro Max,APL IPHONE 13 PRO MAX 1T
i13 Pro Max,APL IPHONE 13 PRO MAX 128G
i13 Pro Max,APL IPHONE 13 PRO MAX 256G
i13 Pro Max,APL IPHONE 13 PRO MAX 512G
i13 Pro Max,APL IPHONE 13 PRO MAX 1T
iPhone 13 ProMax,APL IPHONE 13 PRO MAX 128G
iPhone 13 ProMax,APL IPHONE 13 PRO MAX 256G
iPhone 13 ProMax,APL IPHONE 13 PRO MAX 512G
iPhone 13 ProMax,APL IPHONE 13 PRO MAX 1T
iPhone13,APL IPHONE 13 128G
iPhone13,APL IPHONE 13 256G
iPhone13,APL IPHONE 13 512G
iPhone 13,APL IPHONE 13 128G
iPhone 13,APL IPHONE 13 256G
iPhone 13,APL IPHONE 13 512G
Apple iPhone13,APL IPHONE 13 128G
Apple iPhone13,APL IPHONE 13 256G
Apple iPhone13,APL IPHONE 13 512G
i13,APL IPHONE 13 128G
i13,APL IPHONE 13 256G
i13,APL IPHONE 13 512G
Apple iPhone 13,APL IPHONE 13 128G
Apple iPhone 13,APL IPHONE 13 256G
Apple iPhone 13,APL IPHONE 13 512G
Apple iPhone 13 Pro,APL IPHONE 13 PRO 128G
Apple iPhone 13 Pro,APL IPHONE 13 PRO 256G
Apple iPhone 13 Pro,APL IPHONE 13 PRO 512G
Apple iPhone 13 Pro,APL IPHONE 13 PRO 1T
i13 Pro,APL IPHONE 13 PRO 128G
i13 Pro,APL IPHONE 13 PRO 256G
i13 Pro,APL IPHONE 13 PRO 512G
i13 Pro,APL IPHONE 13 PRO 1T
iPhone13 Pro,APL IPHONE 13 PRO 128G
iPhone13 Pro,APL IPHONE 13 PRO 256G
iPhone13 Pro,APL IPHONE 13 PRO 512G
iPhone13 Pro,APL IPHONE 13 PRO 1T
iPhone 13 Pro,APL IPHONE 13 PRO 128G
iPhone 13 Pro,APL IPHONE 13 PRO 256G
iPhone 13 Pro,APL IPHONE 13 PRO 512G
iPhone 13 Pro,APL IPHONE 13 PRO 1T
Apple iPhone13 Pro,APL IPHONE 13 PRO 128G
Apple iPhone13 Pro,APL IPHONE 13 PRO 256G
Apple iPhone13 Pro,APL IPHONE 13 PRO 512G
Apple iPhone13 Pro,APL IPHONE 13 PRO 1T
APL IPAD AIR 5 64G,APL IPAD AIR 5 64G
APL IPAD AIR 5 256G,APL IPAD AIR 5 256G
APL IPHONE SE3 64G,APL IPHONE SE3 64G
APL IPHONE SE3 128G,APL IPHONE SE3 128G
APL IPHONE SE3 256G,APL IPHONE SE3 256G
APL WAT ULT 49 TI,APL WAT ULT 49 TI
APL WAT S8 41 SS,APL WAT S8 41 SS
APL WAT S8 45 SS,APL WAT S8 45 SS
APL WAT SE2 40 AL,APL WAT SE2 40 AL
APL WAT SE2 44 AL,APL WAT SE2 44 AL
APL WAT S8 41 AL,APL WAT S8 41 AL
APL WAT S8 45 AL,APL WAT S8 45 AL
APL IPAD PRO 11 4GEN 128G,APL IPAD PRO 11 4GEN 128G
APL IPAD PRO 11 4GEN 256G,APL IPAD PRO 11 4GEN 256G
APL IPAD PRO 11 4GEN 512G,APL IPAD PRO 11 4GEN 512G
APL IPAD PRO 11 4GEN 1T,APL IPAD PRO 11 4GEN 1T
APL IPAD PRO 11 4GEN 2T,APL IPAD PRO 11 4GEN 2T
APL IPAD PRO 12.9 6GEN 128G,APL IPAD PRO 12.9 6GEN 128G
APL IPAD PRO 12.9 6GEN 256G,APL IPAD PRO 12.9 6GEN 256G
APL IPAD PRO 12.9 6GEN 512G,APL IPAD PRO 12.9 6GEN 512G
APL IPAD PRO 12.9 6GEN 1T,APL IPAD PRO 12.9 6GEN 1T
APL IPAD PRO 12.9 6GEN 2T,APL IPAD PRO 12.9 6GEN 2T
APL IPAD 10TH GEN 64G,APL IPAD 10TH GEN 64G
APL IPAD 10TH GEN 256G,APL IPAD 10TH GEN 256G
iPhone 14+,APL IPHONE 14 PLUS 128G
iPhone 14+,APL IPHONE 14 PLUS 256G
iPhone 14+,APL IPHONE 14 PLUS 512G
iPhone 14 Plus,APL IPHONE 14 PLUS 128G
iPhone 14 Plus,APL IPHONE 14 PLUS 256G
iPhone 14 Plus,APL IPHONE 14 PLUS 512G
iPhone14 Plus,APL IPHONE 14 PLUS 128G
iPhone14 Plus,APL IPHONE 14 PLUS 256G
iPhone14 Plus,APL IPHONE 14 PLUS 512G
i14 Plus,APL IPHONE 14 PLUS 128G
i14 Plus,APL IPHONE 14 PLUS 256G
i14 Plus,APL IPHONE 14 PLUS 512G
Apple iPhone 14 Plus,APL IPHONE 14 PLUS 128G
Apple iPhone 14 Plus,APL IPHONE 14 PLUS 256G
Apple iPhone 14 Plus,APL IPHONE 14 PLUS 512G
Apple iPhone14 Plus,APL IPHONE 14 PLUS 128G
Apple iPhone14 Plus,APL IPHONE 14 PLUS 256G
Apple iPhone14 Plus,APL IPHONE 14 PLUS 512G
Apple iPhone14 Pro Max,APL IPHONE 14 PRO MAX 128G
Apple iPhone14 Pro Max,APL IPHONE 14 PRO MAX 256G
Apple iPhone14 Pro Max,APL IPHONE 14 PRO MAX 512G
Apple iPhone14 Pro Max,APL IPHONE 14 PRO MAX 1T
Apple iPhone 14 Pro Max,APL IPHONE 14 PRO MAX 128G
Apple iPhone 14 Pro Max,APL IPHONE 14 PRO MAX 256G
Apple iPhone 14 Pro Max,APL IPHONE 14 PRO MAX 512G
Apple iPhone 14 Pro Max,APL IPHONE 14 PRO MAX 1T
iPhone 14 ProMax,APL IPHONE 14 PRO MAX 128G
iPhone 14 ProMax,APL IPHONE 14 PRO MAX 256G
iPhone 14 ProMax,APL IPHONE 14 PRO MAX 512G
iPhone 14 ProMax,APL IPHONE 14 PRO MAX 1T
iPhone 14 Pro Max,APL IPHONE 14 PRO MAX 128G
iPhone 14 Pro Max,APL IPHONE 14 PRO MAX 256G
iPhone 14 Pro Max,APL IPHONE 14 PRO MAX 512G
iPhone 14 Pro Max,APL IPHONE 14 PRO MAX 1T
iPhone14 Pro Max,APL IPHONE 14 PRO MAX 128G
iPhone14 Pro Max,APL IPHONE 14 PRO MAX 256G
iPhone14 Pro Max,APL IPHONE 14 PRO MAX 512G
iPhone14 Pro Max,APL IPHONE 14 PRO MAX 1T
i14 Pro Max,APL IPHONE 14 PRO MAX 128G
i14 Pro Max,APL IPHONE 14 PRO MAX 256G
i14 Pro Max,APL IPHONE 14 PRO MAX 512G
i14 Pro Max,APL IPHONE 14 PRO MAX 1T
Apple iPhone 14 Pro,APL IPHONE 14 PRO 128G
Apple iPhone 14 Pro,APL IPHONE 14 PRO 256G
Apple iPhone 14 Pro,APL IPHONE 14 PRO 512G
Apple iPhone 14 Pro,APL IPHONE 14 PRO 1T
Apple iPhone14 Pro,APL IPHONE 14 PRO 128G
Apple iPhone14 Pro,APL IPHONE 14 PRO 256G
Apple iPhone14 Pro,APL IPHONE 14 PRO 512G
Apple iPhone14 Pro,APL IPHONE 14 PRO 1T
iPhone 14 Pro,APL IPHONE 14 PRO 128G
iPhone 14 Pro,APL IPHONE 14 PRO 256G
iPhone 14 Pro,APL IPHONE 14 PRO 512G
iPhone 14 Pro,APL IPHONE 14 PRO 1T
i14 Pro,APL IPHONE 14 PRO 128G
i14 Pro,APL IPHONE 14 PRO 256G
i14 Pro,APL IPHONE 14 PRO 512G
i14 Pro,APL IPHONE 14 PRO 1T
iPhone14 Pro,APL IPHONE 14 PRO 128G
iPhone14 Pro,APL IPHONE 14 PRO 256G
iPhone14 Pro,APL IPHONE 14 PRO 512G
iPhone14 Pro,APL IPHONE 14 PRO 1T
i14,APL IPHONE 14 128G
i14,APL IPHONE 14 256G
i14,APL IPHONE 14 512G
Apple iPhone14,APL IPHONE 14 128G
Apple iPhone14,APL IPHONE 14 256G
Apple iPhone14,APL IPHONE 14 512G
iPhone 14,APL IPHONE 14 128G
iPhone 14,APL IPHONE 14 256G
iPhone 14,APL IPHONE 14 512G
Apple iPhone 14,APL IPHONE 14 128G
Apple iPhone 14,APL IPHONE 14 256G
Apple iPhone 14,APL IPHONE 14 512G
iPhone14,APL IPHONE 14 128G
iPhone14,APL IPHONE 14 256G
iPhone14,APL IPHONE 14 512G
APL WAT SE2CN 40 AL,APL WAT SE2CN 40 AL
APL WAT SE2CN 44 AL,APL WAT SE2CN 44 AL
APL WAT ULT2 49 TI,APL WAT ULT2 49 TI
APL WAT S9 41 AL,APL WAT S9 41 AL
APL WAT S9 41 SS,APL WAT S9 41 SS
APL WAT S9 45 AL,APL WAT S9 45 AL
APL WAT S9 45 SS,APL WAT S9 45 SS
GPS TRACKER RETURN TO DC45,GPS TRACKER RETURN TO DC45
iPhone15 Pro,APL IPHONE 15 PRO 128G
iPhone15 Pro,APL IPHONE 15 PRO 256G
iPhone15 Pro,APL IPHONE 15 PRO 512G
iPhone15 Pro,APL IPHONE 15 PRO 1T
iPhone 15 Pro,APL IPHONE 15 PRO 128G
iPhone 15 Pro,APL IPHONE 15 PRO 256G
iPhone 15 Pro,APL IPHONE 15 PRO 512G
iPhone 15 Pro,APL IPHONE 15 PRO 1T
Apple iPhone 15 Pro,APL IPHONE 15 PRO 128G
Apple iPhone 15 Pro,APL IPHONE 15 PRO 256G
Apple iPhone 15 Pro,APL IPHONE 15 PRO 512G
Apple iPhone 15 Pro,APL IPHONE 15 PRO 1T
i15 Pro,APL IPHONE 15 PRO 128G
i15 Pro,APL IPHONE 15 PRO 256G
i15 Pro,APL IPHONE 15 PRO 512G
i15 Pro,APL IPHONE 15 PRO 1T
Apple iPhone15 Pro,APL IPHONE 15 PRO 128G
Apple iPhone15 Pro,APL IPHONE 15 PRO 256G
Apple iPhone15 Pro,APL IPHONE 15 PRO 512G
Apple iPhone15 Pro,APL IPHONE 15 PRO 1T
iPhone 15,APL IPHONE 15 128G
iPhone 15,APL IPHONE 15 256G
iPhone 15,APL IPHONE 15 512G
i15,APL IPHONE 15 128G
i15,APL IPHONE 15 256G
i15,APL IPHONE 15 512G
Apple iPhone15,APL IPHONE 15 128G
Apple iPhone15,APL IPHONE 15 256G
Apple iPhone15,APL IPHONE 15 512G
Apple iPhone 15,APL IPHONE 15 128G
Apple iPhone 15,APL IPHONE 15 256G
Apple iPhone 15,APL IPHONE 15 512G
iPhone15,APL IPHONE 15 128G
iPhone15,APL IPHONE 15 256G
iPhone15,APL IPHONE 15 512G
iPhone15 Plus,APL IPHONE 15 PLUS 128G
iPhone15 Plus,APL IPHONE 15 PLUS 256G
iPhone15 Plus,APL IPHONE 15 PLUS 512G
iPhone 15+,APL IPHONE 15 PLUS 128G
iPhone 15+,APL IPHONE 15 PLUS 256G
iPhone 15+,APL IPHONE 15 PLUS 512G
i15 Plus,APL IPHONE 15 PLUS 128G
i15 Plus,APL IPHONE 15 PLUS 256G
i15 Plus,APL IPHONE 15 PLUS 512G
Apple iPhone 15 Plus,APL IPHONE 15 PLUS 128G
Apple iPhone 15 Plus,APL IPHONE 15 PLUS 256G
Apple iPhone 15 Plus,APL IPHONE 15 PLUS 512G
iPhone 15 Plus,APL IPHONE 15 PLUS 128G
iPhone 15 Plus,APL IPHONE 15 PLUS 256G
iPhone 15 Plus,APL IPHONE 15 PLUS 512G
Apple iPhone15 Plus,APL IPHONE 15 PLUS 128G
Apple iPhone15 Plus,APL IPHONE 15 PLUS 256G
Apple iPhone15 Plus,APL IPHONE 15 PLUS 512G
iPhone 15 ProMax,APL IPHONE 15 PRO MAX 256G
iPhone 15 ProMax,APL IPHONE 15 PRO MAX 512G
iPhone 15 ProMax,APL IPHONE 15 PRO MAX 1T
iPhone 15 Pro Max,APL IPHONE 15 PRO MAX 256G
iPhone 15 Pro Max,APL IPHONE 15 PRO MAX 512G
iPhone 15 Pro Max,APL IPHONE 15 PRO MAX 1T
i15 Pro Max,APL IPHONE 15 PRO MAX 256G
i15 Pro Max,APL IPHONE 15 PRO MAX 512G
i15 Pro Max,APL IPHONE 15 PRO MAX 1T
Apple iPhone15 Pro Max,APL IPHONE 15 PRO MAX 256G
Apple iPhone15 Pro Max,APL IPHONE 15 PRO MAX 512G
Apple iPhone15 Pro Max,APL IPHONE 15 PRO MAX 1T
iPhone15 Pro Max,APL IPHONE 15 PRO MAX 256G
iPhone15 Pro Max,APL IPHONE 15 PRO MAX 512G
iPhone15 Pro Max,APL IPHONE 15 PRO MAX 1T
Apple iPhone 15 Pro Max,APL IPHONE 15 PRO MAX 256G
Apple iPhone 15 Pro Max,APL IPHONE 15 PRO MAX 512G
Apple iPhone 15 Pro Max,APL IPHONE 15 PRO MAX 1T
APL IPAD AIR 11 6GEN 128G,APL IPAD AIR 11 6GEN 128G
APL IPAD AIR 11 6GEN 256G,APL IPAD AIR 11 6GEN 256G
APL IPAD AIR 11 6GEN 512G,APL IPAD AIR 11 6GEN 512G
APL IPAD AIR 11 6GEN 1T,APL IPAD AIR 11 6GEN 1T
APL IPAD PRO 11 5GEN SG 256G,APL IPAD PRO 11 5GEN SG 256G
APL IPAD PRO 11 5GEN SG 512G,APL IPAD PRO 11 5GEN SG 512G
APL IPAD PRO 11 5GEN SG 1T,APL IPAD PRO 11 5GEN SG 1T
APL IPAD PRO 11 5GEN SG 2T,APL IPAD PRO 11 5GEN SG 2T
APL IPAD PRO 13 7GEN SG 256G,APL IPAD PRO 13 7GEN SG 256G
APL IPAD PRO 13 7GEN SG 512G,APL IPAD PRO 13 7GEN SG 512G
APL IPAD PRO 13 7GEN SG 1T,APL IPAD PRO 13 7GEN SG 1T
APL IPAD PRO 13 7GEN SG 2T,APL IPAD PRO 13 7GEN SG 2T
APL IPAD AIR 13 1GEN 128G,APL IPAD AIR 13 1GEN 128G
APL IPAD AIR 13 1GEN 256G,APL IPAD AIR 13 1GEN 256G
APL IPAD AIR 13 1GEN 512G,APL IPAD AIR 13 1GEN 512G
APL IPAD AIR 13 1GEN 1T,APL IPAD AIR 13 1GEN 1T
APL IPAD PRO 11 5GEN TG 1T,APL IPAD PRO 11 5GEN TG 1T
APL IPAD PRO 11 5GEN TG 2T,APL IPAD PRO 11 5GEN TG 2T
APL IPAD PRO 13 7GEN TG 1T,APL IPAD PRO 13 7GEN TG 1T
APL IPAD PRO 13 7GEN TG 2T,APL IPAD PRO 13 7GEN TG 2T
APL WAT S10 42 AL,APL WAT S10 42 AL
APL WAT S10 42 TI,APL WAT S10 42 TI
APL WAT S10 46 AL,APL WAT S10 46 AL
APL WAT S10 46 TI,APL WAT S10 46 TI
APL WAT SE2 24 40 AL,APL WAT SE2 24 40 AL
APL WAT SE2 24 44 AL,APL WAT SE2 24 44 AL
iPhone 16+,APL IPHONE 16 PLUS 128G
iPhone 16+,APL IPHONE 16 PLUS 256G
iPhone 16+,APL IPHONE 16 PLUS 512G
i16 Plus,APL IPHONE 16 PLUS 128G
i16 Plus,APL IPHONE 16 PLUS 256G
i16 Plus,APL IPHONE 16 PLUS 512G
iPhone 16 Plus,APL IPHONE 16 PLUS 128G
iPhone 16 Plus,APL IPHONE 16 PLUS 256G
iPhone 16 Plus,APL IPHONE 16 PLUS 512G
Apple iPhone 16 Plus,APL IPHONE 16 PLUS 128G
Apple iPhone 16 Plus,APL IPHONE 16 PLUS 256G
Apple iPhone 16 Plus,APL IPHONE 16 PLUS 512G
iPhone16 Plus,APL IPHONE 16 PLUS 128G
iPhone16 Plus,APL IPHONE 16 PLUS 256G
iPhone16 Plus,APL IPHONE 16 PLUS 512G
Apple iPhone16 Plus,APL IPHONE 16 PLUS 128G
Apple iPhone16 Plus,APL IPHONE 16 PLUS 256G
Apple iPhone16 Plus,APL IPHONE 16 PLUS 512G
APL IPAD MINI 7 128G,APL IPAD MINI 7 128G
APL IPAD MINI 7 256G,APL IPAD MINI 7 256G
APL IPAD MINI 7 512G,APL IPAD MINI 7 512G
Apple iPhone16 Pro,APL IPHONE 16 PRO 128G
Apple iPhone16 Pro,APL IPHONE 16 PRO 256G
Apple iPhone16 Pro,APL IPHONE 16 PRO 512G
Apple iPhone16 Pro,APL IPHONE 16 PRO 1T
i16 Pro,APL IPHONE 16 PRO 128G
i16 Pro,APL IPHONE 16 PRO 256G
i16 Pro,APL IPHONE 16 PRO 512G
i16 Pro,APL IPHONE 16 PRO 1T
iPhone16 Pro,APL IPHONE 16 PRO 128G
iPhone16 Pro,APL IPHONE 16 PRO 256G
iPhone16 Pro,APL IPHONE 16 PRO 512G
iPhone16 Pro,APL IPHONE 16 PRO 1T
Apple iPhone 16 Pro,APL IPHONE 16 PRO 128G
Apple iPhone 16 Pro,APL IPHONE 16 PRO 256G
Apple iPhone 16 Pro,APL IPHONE 16 PRO 512G
Apple iPhone 16 Pro,APL IPHONE 16 PRO 1T
iPhone 16 Pro,APL IPHONE 16 PRO 128G
iPhone 16 Pro,APL IPHONE 16 PRO 256G
iPhone 16 Pro,APL IPHONE 16 PRO 512G
iPhone 16 Pro,APL IPHONE 16 PRO 1T
Apple iPhone 16 Pro Max,APL IPHONE 16 PRO MAX 256G
Apple iPhone 16 Pro Max,APL IPHONE 16 PRO MAX 512G
Apple iPhone 16 Pro Max,APL IPHONE 16 PRO MAX 1T
iPhone 16 Pro Max,APL IPHONE 16 PRO MAX 256G
iPhone 16 Pro Max,APL IPHONE 16 PRO MAX 512G
iPhone 16 Pro Max,APL IPHONE 16 PRO MAX 1T
i16 Pro Max,APL IPHONE 16 PRO MAX 256G
i16 Pro Max,APL IPHONE 16 PRO MAX 512G
i16 Pro Max,APL IPHONE 16 PRO MAX 1T
Apple iPhone16 Pro Max,APL IPHONE 16 PRO MAX 256G
Apple iPhone16 Pro Max,APL IPHONE 16 PRO MAX 512G
Apple iPhone16 Pro Max,APL IPHONE 16 PRO MAX 1T
iPhone 16 ProMax,APL IPHONE 16 PRO MAX 256G
iPhone 16 ProMax,APL IPHONE 16 PRO MAX 512G
iPhone 16 ProMax,APL IPHONE 16 PRO MAX 1T
iPhone16 Pro Max,APL IPHONE 16 PRO MAX 256G
iPhone16 Pro Max,APL IPHONE 16 PRO MAX 512G
iPhone16 Pro Max,APL IPHONE 16 PRO MAX 1T
Apple iPhone16,APL IPHONE 16 128G
Apple iPhone16,APL IPHONE 16 256G
Apple iPhone16,APL IPHONE 16 512G
Apple iPhone16,APL IPHONE 16E 128G
Apple iPhone16,APL IPHONE 16E 256G
Apple iPhone16,APL IPHONE 16E 512G
iPhone16,APL IPHONE 16 128G
iPhone16,APL IPHONE 16 256G
iPhone16,APL IPHONE 16 512G
iPhone16,APL IPHONE 16E 128G
iPhone16,APL IPHONE 16E 256G
iPhone16,APL IPHONE 16E 512G
Apple iPhone 16,APL IPHONE 16 128G
Apple iPhone 16,APL IPHONE 16 256G
Apple iPhone 16,APL IPHONE 16 512G
Apple iPhone 16,APL IPHONE 16E 128G
Apple iPhone 16,APL IPHONE 16E 256G
Apple iPhone 16,APL IPHONE 16E 512G
i16,APL IPHONE 16 128G
i16,APL IPHONE 16 256G
i16,APL IPHONE 16 512G
i16,APL IPHONE 16E 128G
i16,APL IPHONE 16E 256G
i16,APL IPHONE 16E 512G
iPhone 16,APL IPHONE 16 128G
iPhone 16,APL IPHONE 16 256G
iPhone 16,APL IPHONE 16 512G
iPhone 16,APL IPHONE 16E 128G
iPhone 16,APL IPHONE 16E 256G
iPhone 16,APL IPHONE 16E 512G
APL IPAD AIR 13 2GEN 128G,APL IPAD AIR 13 2GEN 128G
APL IPAD AIR 13 2GEN 256G,APL IPAD AIR 13 2GEN 256G
APL IPAD AIR 13 2GEN 512G,APL IPAD AIR 13 2GEN 512G
APL IPAD AIR 13 2GEN 1T,APL IPAD AIR 13 2GEN 1T
APL IPAD AIR 11 7GEN 128G,APL IPAD AIR 11 7GEN 128G
APL IPAD AIR 11 7GEN 256G,APL IPAD AIR 11 7GEN 256G
APL IPAD AIR 11 7GEN 512G,APL IPAD AIR 11 7GEN 512G
APL IPAD AIR 11 7GEN 1T,APL IPAD AIR 11 7GEN 1T
APL IPAD 11TH GEN 128G,APL IPAD 11TH GEN 128G
APL IPAD 11TH GEN 256G,APL IPAD 11TH GEN 256G
APL IPAD 11TH GEN 512G,APL IPAD 11TH GEN 512G
SAM L505U GW8 CLASSIC 46MM,SAM L505U GW8 CLASSIC 46MM
SAM L325U GW8 40MM,SAM L325U GW8 40MM
SAM L335U GW8 44MM,SAM L335U GW8 44MM
SAM L705U GW ULTRA 47MM 64G,SAM L705U GW ULTRA 47MM 64G
MOT L7089,MOT L7089
NOK 8290,NOK 8290
ERI T28W GENERIC,ERI T28W GENERIC
MOT P7382,MOT P7382
MOT P7389,MOT P7389
MOT V2282,MOT V2282
NOK 8890,NOK 8890
MOT T2282,MOT T2282
MOT P280,MOT P280
MOT T193,MOT T193
SAM N105,SAM N105
Q105,Q105
RIM 5810,RIM 5810
MOT V60,MOT V60
SAM R225,SAM R225
V66,V66
MOT V66,MOT V66
SAM Q105,SAM Q105
ERI T68M GENERIC,ERI T68M GENERIC
3390,3390
R225,R225
HTC 9500,HTC 9500
SHA SIDEKICK,SHA SIDEKICK
MOT V70,MOT V70
C332,C332
SAM S105,SAM S105
NOK 7210,NOK 7210
ERI T300,ERI T300
RIM 6710,RIM 6710
SAM V205,SAM V205
MOT C332,MOT C332
PAL TREO 270 VSW EONS,PAL TREO 270 VSW EONS
3650,3650
NOK 6610,NOK 6610
NOK 3595,NOK 3595
ERI T610 VSW,ERI T610 VSW
RIM 6210,RIM 6210
6230,6230
RIM 7230,RIM 7230
SAM X105,SAM X105
SAM E105,SAM E105
E105,E105
MOT V300,MOT V300
SAM E715,SAM E715
E715,E715
NOK 3660,NOK 3660
PAL TREO 600 VSW,PAL TREO 600 VSW
3595,3595
NOK 6010,NOK 6010
SIE CF62T VSW,SIE CF62T VSW
6600,6600
MOT V600,MOT V600
ERI GC79 DATA CARD VSW,ERI GC79 DATA CARD VSW
D415,D415
C650,C650
NOK 6800,NOK 6800
RIM 7730,RIM 7730
SAM C225,SAM C225
C225,C225
SAM E315,SAM E315
E315,E315
P735,P735
MOT V180,MOT V180
A630,A630
SHA TM150,SHA TM150
HP H6315 VSW W/CAMERA,HP H6315 VSW W/CAMERA
SHA SKII,SHA SKII
RIM 7100T,RIM 7100T
NOK N-GAGE QD,NOK N-GAGE QD
V300,V300
6800,6800
C350,C350
MOT V330,MOT V330
RIM 7290,RIM 7290
SAM X475,SAM X475
6010,6010
3220,3220
MOT V188,MOT V188
E335,E335
V330,V330
E635,E635
NOK 3220,NOK 3220
NOK 6101,NOK 6101
SAM X495,SAM X495
X495,X495
ERI GC89 DATA CARD VSW,ERI GC89 DATA CARD VSW
6101,6101
MOT RAZR V3,MOT RAZR V3
RAZR V3,RAZR V3
MOT V360,MOT V360
SAM T309,SAM T309
HTC MDA,HTC MDA
MDA,MDA
HTC SDA,HTC SDA
PEBL,PEBL
MOT V177,MOT V177
T709,T709
SAM T809,SAM T809
RIM 7105T,RIM 7105T
T809,T809
6030,6030
SAM T609,SAM T609
SAM T719,SAM T719
T719,T719
T209,T209
SAM T209,SAM T209
SAM T319,SAM T319
T319,T319
SAM T509,SAM T509
T509,T509
6103,6103
RIM 8700G,RIM 8700G
SHA SIDEKICK 3,SHA SIDEKICK 3
V195,V195
8801,8801
SHA SIDEKICK 3 BOX,SHA SIDEKICK 3 BOX
SAM T519,SAM T519
T519,T519
SAM T619,SAM T619
T619,T619
T629,T629
NOK 6133,NOK 6133
6133,6133
RIM BLB 8100,RIM BLB 8100
RIM 8705G,RIM 8705G
HTC DASH,HTC DASH
DASH,DASH
SHA SIDEKICK 3 DVF,SHA SIDEKICK 3 DVF
SHA SIDEKICK 3 LRG,SHA SIDEKICK 3 LRG
MOT V195S,MOT V195S
NOK 5300,NOK 5300
T329,T329
SAM T639,SAM T639
SAM T219,SAM T219
T219,T219
SHA SIDEKICK 3 NBA,SHA SIDEKICK 3 NBA
RIM 8100,RIM 8100
5300,5300
SAM T329,SAM T329
SAM T629,SAM T629
RIZR Z3,RIZR Z3
MOT KRZR K1,MOT KRZR K1
KRZR K1,KRZR K1
SHA SIDEKICK ID,SHA SIDEKICK ID
NOK 6086,NOK 6086
RIM 8800,RIM 8800
HTC WING,HTC WING
MOT RIZR Z3,MOT RIZR Z3
SAM T409,SAM T409
SAM T729 BLAST,SAM T729 BLAST
SAM T419,SAM T419
NOK 2610,NOK 2610
SHA SIDEKICK LX BLUE,SHA SIDEKICK LX BLUE
SHA SIDEKICK LX BROWN,SHA SIDEKICK LX BROWN
SAM T429,SAM T429
MOT SIDEKICK SLIDE,MOT SIDEKICK SLIDE
MOT W490,MOT W490
SAM T539,SAM T539
WING,WING
MOT RAZR V3-06,MOT RAZR V3-06
MOT RAZR 2,MOT RAZR 2
RIM 8320,RIM 8320
SAM T739 KATALYST,SAM T739 KATALYST
SAM T219S,SAM T219S
T219S,T219S
T729 BLAST,T729 BLAST
MOT MB200 CLIQ,MOT MB200 CLIQ
SAM T939 BEHOLD II,SAM T939 BEHOLD II
HTC SHADOW,HTC SHADOW
SAM T439,SAM T439
NOK 6263,NOK 6263
LKS WRTU54GTM RJ11 ACCESS PT,LKS WRTU54GTM RJ11 ACCESS PT
BLB 9700 BOLD,BLB 9700 BOLD
SAM T819,SAM T819
W490,W490
RAZR 2,RAZR 2
6263,6263
2610,2610
NOK 2760,NOK 2760
NOK 3555,NOK 3555
RIM BLB 8120,RIM BLB 8120
RIM 8820,RIM 8820
NOK 5310,NOK 5310
NOK 5610,NOK 5610
SHA SIDEKICK ID BOX,SHA SIDEKICK ID BOX
T229,T229
SAM T229,SAM T229
1208,1208
NOK 1208,NOK 1208
MOT ROKR,MOT ROKR
NOK 6301,NOK 6301
V195S,V195S
RIM 8520,RIM 8520
SAM T339,SAM T339
LKS RJ-11,LKS RJ-11
RAZR V3-06,RAZR V3-06
SHA SIDEKICK GEKKO,SHA SIDEKICK GEKKO
SER TM506,SER TM506
SER ERI BELLA ORANGE,SER ERI BELLA ORANGE
MOT W450 ACTV,MOT W450 ACTV
HTC G1,HTC G1
SAM T109,SAM T109
SAM T459 GRAVITY,SAM T459 GRAVITY
SAM T919 BEHOLD,SAM T919 BEHOLD
MOT W233,MOT W233
SAM T119,SAM T119
SAM T929 MEMOIR,SAM T929 MEMOIR
SAM T349,SAM T349
SAM T239,SAM T239
HTC MYTOUCH 3G,HTC MYTOUCH 3G
HTC TOUCH PRO 2,HTC TOUCH PRO 2
SAM T469 GRAVITY II,SAM T469 GRAVITY II
SAM T749 HIGHLIGHT,SAM T749 HIGHLIGHT
HTC DASH 3G,HTC DASH 3G
MOT MB501 - NOT USED,MOT MB501 - NOT USED
SAM T889 GALAXY NOTE 2 16G,SAM T889 GALAXY NOTE 2 16G
ASUS ME571KL TAB OLYMPIC,ASUS ME571KL TAB OLYMPIC
SAM T217T G-TAB 3 TAHOE,SAM T217T G-TAB 3 TAHOE
ZTE Z730 MARBLE,ZTE Z730 MARBLE
SAM G900T ROCKFORD,SAM G900T ROCKFORD
SAM P607T GNOTE ALPINE,SAM P607T GNOTE ALPINE
SAM G386T AFYON,SAM G386T AFYON
SAM T399 GALAXY LIGHT GARDA,SAM T399 GALAXY LIGHT GARDA
ZTE Z915 RALEIGH,ZTE Z915 RALEIGH
ALC 4037T SOUL,ALC 4037T SOUL
ALC 7040T FIERCE 2 YARDIS,ALC 7040T FIERCE 2 YARDIS
ALC 7040T 1T FIERCE 2 YARDIS,ALC 7040T 1T FIERCE 2 YARDIS
ALC P310A POP 7,ALC P310A POP 7
ZTE Z667T ZINGER,ZTE Z667T ZINGER
ZTE OLYMPIA,ZTE OLYMPIA
NOK LUMIA 530 RISE,NOK LUMIA 530 RISE
LG B450 F4N,LG B450 F4N
DUMMY AW NPI ULT3 49,DUMMY AW NPI ULT3 49
DUMMY APL WAT NPI SE3 40AL 24,DUMMY APL WAT NPI SE3 40AL 24
SAM N915T GALAXY NOTE EDGE,SAM N915T GALAXY NOTE EDGE
SONY D6616 XPERIA Z3 ORION,SONY D6616 XPERIA Z3 ORION
SAM R750T GEAR S T 3,SAM R750T GEAR S T 3
HTC ONE W8 JORDAN,HTC ONE W8 JORDAN
DUMMY GALAXY TAB S10+,DUMMY GALAXY TAB S10+
MOT NEXUS 6 32G,MOT NEXUS 6 32G
MOT NEXUS 6 64G,MOT NEXUS 6 64G
HTC NEXUS 9 32G,HTC NEXUS 9 32G
LG D415 W7,LG D415 W7
SAM G920T GS6 Z FLAT 32G,SAM G920T GS6 Z FLAT 32G
SAM G925T GS6 ZERO 32G EDGE,SAM G925T GS6 ZERO 32G EDGE
HTC ONE M9 32G HIMA,HTC ONE M9 32G HIMA
ALC 5042T POPASTRO,ALC 5042T POPASTRO
MSFT LUMIA 640,MSFT LUMIA 640
LG H631TN LEOPARD G-STYLO,LG H631TN LEOPARD G-STYLO
LG H345 C40,LG H345 C40
MSFT LUMIA 435,MSFT LUMIA 435
SAM G530T GRAND P,SAM G530T GRAND P
KYO S1370 RALLY,KYO S1370 RALLY
KYO C6740 HYDRO WAVE,KYO C6740 HYDRO WAVE
SAM G925T GS6 ZERO 64G EDGE,SAM G925T GS6 ZERO 64G EDGE
SAM G925T GS6 ZERO 128G EDGE,SAM G925T GS6 ZERO 128G EDGE
SAM G920T GS6 Z FLAT 64G,SAM G920T GS6 Z FLAT 64G
SAM G920T GS6 Z FLAT 128G,SAM G920T GS6 Z FLAT 128G
LG G4 LION,LG G4 LION
SAM G360T CORE P,SAM G360T CORE P
BLB CLASSIC,BLB CLASSIC
SAM T807T GALAXY TAB S,SAM T807T GALAXY TAB S
SAM T357T TAB A,SAM T357T TAB A
SAM T817T - T818T TAB S2,SAM T817T - T818T TAB S2
ZTE Z820 TEMPEST,ZTE Z820 TEMPEST
LG V496 GPAD E8II,LG V496 GPAD E8II
ALC ENCORE 9006W PIXI 7,ALC ENCORE 9006W PIXI 7
HTC A22 DESIRE 626S,HTC A22 DESIRE 626S
CLPD 3320A ROGUE BAKER,CLPD 3320A ROGUE BAKER
SAM G928T GS6 EDGE+ BARNES 32G,SAM G928T GS6 EDGE+ BARNES 32G
SAM N920T NOTE 5 NOBLE 32G,SAM N920T NOTE 5 NOBLE 32G
SAM GS6 EDGE TEST DRIVE,SAM GS6 EDGE TEST DRIVE
SAM G928T GS6 EDGE+ BARNES 128,SAM G928T GS6 EDGE+ BARNES 128
SAM G928T GS6 EDGE+ BARNES 64G,SAM G928T GS6 EDGE+ BARNES 64G
SAM N920T NOTE 5 NOBLE 64G,SAM N920T NOTE 5 NOBLE 64G
SAM R730T GEAR S2,SAM R730T GEAR S2
DUMMY 25 IPHONE NPI SE4 MEM 1,DUMMY 25 IPHONE NPI SE4 MEM 1
DUMMY APL WAT NPI SE3 44AL 24,DUMMY APL WAT NPI SE3 44AL 24
DUMMY 2025 CHROMEBOOK,DUMMY 2025 CHROMEBOOK
DUMMY IPAD NPI IPAD11 2024,DUMMY IPAD NPI IPAD11 2024
DUMMY 2025 GALAXY FE,DUMMY 2025 GALAXY FE
DUMMY 2025 GALAXY S,DUMMY 2025 GALAXY S
DUMMY IPHONE NPI ULTRA MEM 2,DUMMY IPHONE NPI ULTRA MEM 2
ZTE AVID PLUS Z828 RIDGE,ZTE AVID PLUS Z828 RIDGE
ALC 5054N FIERCE XL PILOT,ALC 5054N FIERCE XL PILOT
ALC PILOT 5055W WIN FIERCE XL,ALC PILOT 5055W WIN FIERCE XL
LG P PLUS,LG P PLUS
SAM R730T GEAR S2 SLV,SAM R730T GEAR S2 SLV
SAM T357T TAB A B2B,SAM T357T TAB A B2B
LG K330 K7 M1,LG K330 K7 M1
ZTE FALCON Z917 DEVON,ZTE FALCON Z917 DEVON
ASK ML700 LINELINK ATA,ASK ML700 LINELINK ATA
BLB VENICE,BLB VENICE
LG MS323 W5 TMUS,LG MS323 W5 TMUS
CLPD CATALYST ORCAS,CLPD CATALYST ORCAS
SAM J7,SAM J7
SAM TAB E,SAM TAB E
SAM G930T GS7 HERO 32G,SAM G930T GS7 HERO 32G
SAM G935T GS7 EDGE HERO 2 32G,SAM G935T GS7 EDGE HERO 2 32G
SAM GEAR S2 CLASSIC,SAM GEAR S2 CLASSIC
KYO E6790 DURAFORCE XD,KYO E6790 DURAFORCE XD
LG G5 ALICE,LG G5 ALICE
ALC ONE TOUCH 9015W POP 7 LTE,ALC ONE TOUCH 9015W POP 7 LTE
ZTE SPRO2 MF97B,ZTE SPRO2 MF97B
HTC A16 DESIRE 530,HTC A16 DESIRE 530
HTC ONE M10,HTC ONE M10
LG STYLO 2 PLUS PH2,LG STYLO 2 PLUS PH2
LG K428SG K10 GLD,LG K428SG K10 GLD
APL IPHONE 5S 16GB,APL IPHONE 5S 16GB
KYO E6820TM DRFRC PRO EXPLORER,KYO E6820TM DRFRC PRO EXPLORER
LG B3 G PAD X,LG B3 G PAD X
SAM G550T ON5,SAM G550T ON5
ZTE Z981 ZMAX PRO CURRY,ZTE Z981 ZMAX PRO CURRY
I.AM+ DIAL THE ONE MEDIUM,I.AM+ DIAL THE ONE MEDIUM
I.AM+ DIAL THE ONE LARGE,I.AM+ DIAL THE ONE LARGE
I.AM+ DIAL THE ONE SMALL,I.AM+ DIAL THE ONE SMALL
SAM N930T NOTE7 GRACE 64G,SAM N930T NOTE7 GRACE 64G
ALC MW41TM LINKZONE PINE HTSPT,ALC MW41TM LINKZONE PINE HTSPT
ALC 4044W GO FLIP ALBA 2,ALC 4044W GO FLIP ALBA 2
ALC 5056W FIERCE4 ASPIRE,ALC 5056W FIERCE4 ASPIRE
ALC IDOL 4S WIN 10,ALC IDOL 4S WIN 10
ZTE Z6200 SNCP DR ZLINK R2D2,ZTE Z6200 SNCP DR ZLINK R2D2
ZTE Z833 CHEERS AVID TRIO,ZTE Z833 CHEERS AVID TRIO
ZTE Z320 CYMBAL,ZTE Z320 CYMBAL
LG H918TN V20,LG H918TN V20
APL IPHONE SE 16G,APL IPHONE SE 16G
SAM R765T GEAR S3 FRONTIER EXP,SAM R765T GEAR S3 FRONTIER EXP
LG M210N ARISTO LV3,LG M210N ARISTO LV3
SAM N930T NOTE7 GRACE 64G V2,SAM N930T NOTE7 GRACE 64G V2
LG TP260BK K20 PLUS LV5,LG TP260BK K20 PLUS LV5
CLPD 3632A,CLPD 3632A
SAM J727T PRIME POP,SAM J727T PRIME POP
SAM J327T PRIME POP,SAM J327T PRIME POP
LG V530 G PAD X2 8.0 PLUS,LG V530 G PAD X2 8.0 PLUS
LG TP450 STYLO 3 PLUS SF6,LG TP450 STYLO 3 PLUS SF6
LG H872 G6 DIVA,LG H872 G6 DIVA
ZTE ZW10 QUARTZ,ZTE ZW10 QUARTZ
ALC 9024W A30 8 CURIO,ALC 9024W A30 8 CURIO
SAM G955U GS8+ DREAM 2,SAM G955U GS8+ DREAM 2
SAM G950U GS8 DREAM 1,SAM G950U GS8 DREAM 1
SAM R775T GEAR S3 CLASSIC,SAM R775T GEAR S3 CLASSIC
POD 003 SYNCUP PETS,POD 003 SYNCUP PETS
MOT XT1789 Z2 FORCE,MOT XT1789 Z2 FORCE
ALC 5049W WALTERS REVVL,ALC 5049W WALTERS REVVL
CLPD 301A DYNO,CLPD 301A DYNO
ALC W800 DATA STICK,ALC W800 DATA STICK
HTC U11 LIFE OCEAN LITE,HTC U11 LIFE OCEAN LITE
CLPD REVVL PLUS ALCHEMY,CLPD REVVL PLUS ALCHEMY
GEO TM8-LTESUF SYNCUP FLEET,GEO TM8-LTESUF SYNCUP FLEET
SAM N950U NOTE8 64G GR3AT,SAM N950U NOTE8 64G GR3AT
LG H932SV V30 JOAN,LG H932SV V30 JOAN
SAM T377T TAB E TABE8,SAM T377T TAB E TABE8
SAM G892U GS8 ACTV CRUISER 64G,SAM G892U GS8 ACTV CRUISER 64G
LG ARISTO,LG ARISTO
FRA PET TRACKER,FRA PET TRACKER
NEST SECURE + NEST CAM INDOOR,NEST SECURE + NEST CAM INDOOR
LG H932BK V30 PLUS,LG H932BK V30 PLUS
MOT XT1765 E4 16G,MOT XT1765 E4 16G
SAM G965U GS9+ STAR2 64G,SAM G965U GS9+ STAR2 64G
SAM G960U GS9 STAR1 64G,SAM G960U GS9 STAR1 64G
MOT XT1921-3 E5 PLAY 16G,MOT XT1921-3 E5 PLAY 16G
MOT EMMA E5 PLUS 32G,MOT EMMA E5 PLUS 32G
LG X212TAL ARISTO 2+ 16G,LG X212TAL ARISTO 2+ 16G
LG LMQ710TSB STYLO 4 CV7A 32G,LG LMQ710TSB STYLO 4 CV7A 32G
LG X410TKB K30 CV3 32G,LG X410TKB K30 CV3 32G
ALC 6062Z REVVL 2+ RUSHMOR 32G,ALC 6062Z REVVL 2+ RUSHMOR 32G
SAM J737T J7 NEO STAR 32G,SAM J737T J7 NEO STAR 32G
SAM J337T J3 STAR NEO 16G,SAM J337T J3 STAR NEO 16G
LG LMG710 G7 JUDY 64G,LG LMG710 G7 JUDY 64G
FAMILYMODE BEARMODE HOME BASE,FAMILYMODE BEARMODE HOME BASE
DUMMY IPHONE NPI ULTRA MEM 3,DUMMY IPHONE NPI ULTRA MEM 3
DUMMY IPHONE NPI ULTRA MEM 4,DUMMY IPHONE NPI ULTRA MEM 4
DUMMY IPHONE NPI ULTRA MEM 5,DUMMY IPHONE NPI ULTRA MEM 5
DUMMY 2025 GALAXY S ULTRA,DUMMY 2025 GALAXY S ULTRA
DUMMY 2025 GALAXY S+,DUMMY 2025 GALAXY S+
DUMMY 2025 GALAXY WATCH FE,DUMMY 2025 GALAXY WATCH FE
DUMMY 2025 GALAXY WATCH LARGE,DUMMY 2025 GALAXY WATCH LARGE
DUMMY 2025 GALAXY WATCH SMALL,DUMMY 2025 GALAXY WATCH SMALL
DUMMY 2025 GALAXY WATCH ULTRA,DUMMY 2025 GALAXY WATCH ULTRA
DUMMY 2025 GALAXY Z FLIP,DUMMY 2025 GALAXY Z FLIP
ZTE K82 AVID SLATE 16G,ZTE K82 AVID SLATE 16G
DUMMY 2025 GALAXY Z FOLD,DUMMY 2025 GALAXY Z FOLD
ZTE V6500 SYNCUP DRIVE,ZTE V6500 SYNCUP DRIVE
LG LMQ610TA Q7+ 64G MH2,LG LMQ610TA Q7+ 64G MH2
DUMMY SAM XCOVER7 PRO,DUMMY SAM XCOVER7 PRO
DUMMY 2025 GATEWAY GEN5,DUMMY 2025 GATEWAY GEN5
DUMMY 2025 GOOGLE FOLD,DUMMY 2025 GOOGLE FOLD
DUMMY 2025 GOOGLE WATCH LARGE,DUMMY 2025 GOOGLE WATCH LARGE
DUMMY 2025 GOOGLE WATCH SMALL,DUMMY 2025 GOOGLE WATCH SMALL
DUMMY SERCOMM 5G GATEWAY GEN5,DUMMY SERCOMM 5G GATEWAY GEN5
DUMMY 2025 IPHONE NPI MEM 1,DUMMY 2025 IPHONE NPI MEM 1
DUMMY 25 IPHONE NPI PLUS MEM 1,DUMMY 25 IPHONE NPI PLUS MEM 1
DUMMY 25 IPHONE NPI PRO MEM 1,DUMMY 25 IPHONE NPI PRO MEM 1
DUMMY25IPHONE NPI PRO MAX MEM2,DUMMY25IPHONE NPI PRO MAX MEM2
DUMMY IPAD PRO 11 SG NPI MEM1,DUMMY IPAD PRO 11 SG NPI MEM1
DUMMY FX4100,DUMMY FX4100
DUMMY 2025 PIXEL,DUMMY 2025 PIXEL
DUMMY 24 APL IPAD AIR12.9 NPI,DUMMY 24 APL IPAD AIR12.9 NPI
DUMMY  2025 GATEWAY GEN5,DUMMY  2025 GATEWAY GEN5
DUMMY 2025 MESH ROUTER,DUMMY 2025 MESH ROUTER
DUMMY 2025 PIXEL PRO,DUMMY 2025 PIXEL PRO
DUMMY 24 APL IPAD PRO 11.0 NPI,DUMMY 24 APL IPAD PRO 11.0 NPI
DUMMY SIYATA SD7 ULTRA,DUMMY SIYATA SD7 ULTRA
DUMMY SIYATA SD7 ULTRA S,DUMMY SIYATA SD7 ULTRA S
DUMMY 24 APL IPAD PRO 12.9 NPI,DUMMY 24 APL IPAD PRO 12.9 NPI
DUMMY 2025 PIXEL PRO LARGE,DUMMY 2025 PIXEL PRO LARGE
DUMMY 2025 T FIBER ROUTER,DUMMY 2025 T FIBER ROUTER
DUMMY 2026 PIXEL PRO XL,DUMMY 2026 PIXEL PRO XL
DUMMY 2026 PIXEL PRO,DUMMY 2026 PIXEL PRO
DUMMY 2026 PIXEL,DUMMY 2026 PIXEL
DUMMY APPLE WATCH SE 3,DUMMY APPLE WATCH SE 3
DUMMY FRANKLIN RG3100,DUMMY FRANKLIN RG3100
DUMMY GALAXY A17 5G,DUMMY GALAXY A17 5G
DUMMY XCOVER PRO3,DUMMY XCOVER PRO3
DUMMY ARCADYAN 5G GATEWAY GEN5,DUMMY ARCADYAN 5G GATEWAY GEN5
DUMMY MOTO G POWER 5G 2025,DUMMY MOTO G POWER 5G 2025
DUMMY RAZR+ ULTRA 2026,DUMMY RAZR+ ULTRA 2026
DUMMY MOTOROLA EDGE 2025,DUMMY MOTOROLA EDGE 2025
DUMMY MOTOROLA G 5G 2025,DUMMY MOTOROLA G 5G 2025
DUMMY PIXEL 9A,DUMMY PIXEL 9A
DUMMY MOTOROLA RAZR 2026,DUMMY MOTOROLA RAZR 2026
DUMMY 2026 AFFORDABLE 4 SLOT B,DUMMY 2026 AFFORDABLE 4 SLOT B
DUMMY IPAD PRO 13 GEN 8,DUMMY IPAD PRO 13 GEN 8
DUMMY MOTOROLA EDGE 2026,DUMMY MOTOROLA EDGE 2026
DUMMY RAZR+ 2026,DUMMY RAZR+ 2026
DUMMY 2024 APPLE IPAD MINI NPI,DUMMY 2024 APPLE IPAD MINI NPI
DUMMY SYNCUP KIDS WATCH,DUMMY SYNCUP KIDS WATCH
DUMMY 2026 GALAXY Z FOLD,DUMMY 2026 GALAXY Z FOLD
DUMMY 2026 GALAXY Z FLIP,DUMMY 2026 GALAXY Z FLIP
DUMMY 2026 GALAXY S,DUMMY 2026 GALAXY S
DUMMY 2026 GALAXY S ULTRA,DUMMY 2026 GALAXY S ULTRA
DUMMY 2026 GALAXY S+,DUMMY 2026 GALAXY S+
DUMMY GALAXY A15,DUMMY GALAXY A15
DUMMY 2025 HOTSPOT,DUMMY 2025 HOTSPOT
DUMMY MOTOROLA RAZR 2025,DUMMY MOTOROLA RAZR 2025
DUMMY 2026 AFFORDABLE 2 SLOT B,DUMMY 2026 AFFORDABLE 2 SLOT B
DUMMY 2026 AFFORDABLE 3 SLOT B,DUMMY 2026 AFFORDABLE 3 SLOT B
DUMMY 2026 MID-SUPER SLOT B,DUMMY 2026 MID-SUPER SLOT B
DUMMY 2024 REVVL WATCH,DUMMY 2024 REVVL WATCH
DUMMY 2026 REVVL,DUMMY 2026 REVVL
DUMMY 2026 REVVL PRO,DUMMY 2026 REVVL PRO
DUMMY 2026 MID-SUPER SLOT A,DUMMY 2026 MID-SUPER SLOT A
DUMMY 2026 AFFORDABLE 1 SLOT B,DUMMY 2026 AFFORDABLE 1 SLOT B
DUMMY GALAXY TAB 2026,DUMMY GALAXY TAB 2026
DUMMY GALAXY TAB 2026 MID,DUMMY GALAXY TAB 2026 MID
DUMMY GOOGLE TAB 2025,DUMMY GOOGLE TAB 2025
KON SYNCUP DRIVE,KON SYNCUP DRIVE
SAM N960U NOTE 9 CROWN 128G,SAM N960U NOTE 9 CROWN 128G
ALCATEL 9027W 3T 8IN 16G,ALCATEL 9027W 3T 8IN 16G
CLPD SURF PUCK,CLPD SURF PUCK
CLPD SNAP ROADIE 4GB,CLPD SNAP ROADIE 4GB
SAM N960U NOTE 9 CROWN 512G,SAM N960U NOTE 9 CROWN 512G
SAM A600T GALAXY A6 SHINE 32G,SAM A600T GALAXY A6 SHINE 32G
SAM T837T GALAXY TAB S4 64G,SAM T837T GALAXY TAB S4 64G
SAM T387T GALAXY TAB A 32G,SAM T387T GALAXY TAB A 32G
OP 6T VADER 128G,OP 6T VADER 128G
ALC 5052W REVVL 2 PROVO 32G,ALC 5052W REVVL 2 PROVO 32G
ASK LTE WIFI GATEWAY,ASK LTE WIFI GATEWAY
LG LMV405TA V40 STORM 64G,LG LMV405TA V40 STORM 64G
DUMMY 25 IPHONE NPI SE4 MEM 2,DUMMY 25 IPHONE NPI SE4 MEM 2
DUMMY 25 IPHONE NPI SE4 MEM 3,DUMMY 25 IPHONE NPI SE4 MEM 3
DUMMY 25 IPHONE NPI SE4 MEM 4,DUMMY 25 IPHONE NPI SE4 MEM 4
DUMMY25IPHONE NPI PRO MAX MEM1,DUMMY25IPHONE NPI PRO MAX MEM1
KON SYNCUP DRIVE 2,KON SYNCUP DRIVE 2
CLPD TESTDRIVE,CLPD TESTDRIVE
MOT G7 POWER OSLO H 32G,MOT G7 POWER OSLO H 32G
SAM G970U GS10E BEYOND 0 128G,SAM G970U GS10E BEYOND 0 128G
SAM G970U GS10E BEYOND 0 256G,SAM G970U GS10E BEYOND 0 256G
SAM G973U GS10 BEYOND 1 128G,SAM G973U GS10 BEYOND 1 128G
SAM G973U GS10 BEYOND 1 512G,SAM G973U GS10 BEYOND 1 512G
SAM G975U GS10+ BEYOND 2 128G,SAM G975U GS10+ BEYOND 2 128G
SAM G975U GS10+ BEYOND 2 512G,SAM G975U GS10+ BEYOND 2 512G
SAM G975U GS10+ BEYOND 2 1T,SAM G975U GS10+ BEYOND 2 1T
LG LMX220TB ARISTO3+ CV1ST 16G,LG LMX220TB ARISTO3+ CV1ST 16G
LG LMG820TM G8 ALPHA 128G,LG LMG820TM G8 ALPHA 128G
KON MOXEE SIGNAL,KON MOXEE SIGNAL
SAM G973U GS10 BEYOND B1 128G,SAM G973U GS10 BEYOND B1 128G
WDL SR410 CELLSPOT RELAY,WDL SR410 CELLSPOT RELAY
SAM G975U GS10+ BEYOND B2 128G,SAM G975U GS10+ BEYOND B2 128G
OP 7 PRO YODA 256G,OP 7 PRO YODA 256G
LG Q720T STYLO 5 32G,LG Q720T STYLO 5 32G
LG X420T K40 32G,LG X420T K40 32G
FRA T9 MOBILE HOTSPOT,FRA T9 MOBILE HOTSPOT
CBT SYNCUP PETS,CBT SYNCUP PETS
SAM G977T GS10 5G 256G,SAM G977T GS10 5G 256G
MOT REVVLRY MALBEC 32G,MOT REVVLRY MALBEC 32G
MOT REVVLRY+ RIOJA 64G,MOT REVVLRY+ RIOJA 64G
MOT E6 SURF 16G,MOT E6 SURF 16G
SYNCUP DRIVE SD-7000T SYNC D 3,SYNCUP DRIVE SD-7000T SYNC D 3
TMX FAMILY CONNECT 4G,TMX FAMILY CONNECT 4G
SAM A205U A20 32G,SAM A205U A20 32G
SAM A102U A10E 32G,SAM A102U A10E 32G
ALC 9029W JOY TAB 32G,ALC 9029W JOY TAB 32G
SAM N975U NOTE 10+DAVINCI 256G,SAM N975U NOTE 10+DAVINCI 256G
SAM N970U NOTE 10 DAVINCI 256G,SAM N970U NOTE 10 DAVINCI 256G
ALC 4052W GO FLIP 3,ALC 4052W GO FLIP 3
LG LMX320 ARISTO 4+ 16G,LG LMX320 ARISTO 4+ 16G
SAM N975U NOTE 10+DAVINCI 512G,SAM N975U NOTE 10+DAVINCI 512G
OP 7T HAN SOLO 128G,OP 7T HAN SOLO 128G
OP 7T PRO 5G MCL 256G,OP 7T PRO 5G MCL 256G
SAM T867U GALAXY TAB S6 128G,SAM T867U GALAXY TAB S6 128G
ALC 9029G JOY TAB KIDS 32G,ALC 9029G JOY TAB KIDS 32G
CLPD SURF TD,CLPD SURF TD
SAM G975U GS10+ V2 128G,SAM G975U GS10+ V2 128G
SAM G973U GS10 V2 128G,SAM G973U GS10 V2 128G
SAM G970U GS10E V2 128G,SAM G970U GS10E V2 128G
FRA T9 MOBILE HOTSPOT2,FRA T9 MOBILE HOTSPOT2
SAM N976U NOTE 10+ D2X 5G 256G,SAM N976U NOTE 10+ D2X 5G 256G
SAM D2X 512G,SAM D2X 512G
SAM G988U HUB GS20 ULT 5G 512G,SAM G988U HUB GS20 ULT 5G 512G
SAM G988U HUB GS20 ULT 5G 128G,SAM G988U HUB GS20 ULT 5G 128G
SAM G986U HUBBLE GS20+ 5G 512G,SAM G986U HUBBLE GS20+ 5G 512G
SAM G986U HUBBLE GS20+ 5G 128G,SAM G986U HUBBLE GS20+ 5G 128G
SAM G981U HUBBLE GS20 5G 128G,SAM G981U HUBBLE GS20 5G 128G
MOT E GIN 32G,MOT E GIN 32G
LG LMQ730TMW STYLO 6 64G,LG LMQ730TMW STYLO 6 64G
LG LM600TM V60 DUAL 128G,LG LM600TM V60 DUAL 128G
LG LMK500UMT K51 32G,LG LMK500UMT K51 32G
ALC MW43TM LINKZONE2 16G,ALC MW43TM LINKZONE2 16G
LG LM600TMW V60 SINGLE 128G,LG LM600TMW V60 SINGLE 128G
KON MOXEE X800 TABLET 32G,KON MOXEE X800 TABLET 32G
LG LM600TML V60 SINGLE 128G,LG LM600TML V60 SINGLE 128G
OP 8 5G OBI WAN 128G,OP 8 5G OBI WAN 128G
LG LMK300TM ARISTO 5 32G,LG LMK300TM ARISTO 5 32G
SAM A215U A21 32G,SAM A215U A21 32G
SAM A115U A11 32G,SAM A115U A11 32G
SAM A716U A71 5G 128G,SAM A716U A71 5G 128G
TMO T9 TSTDRV MBL HOTSPOT TD,TMO T9 TSTDRV MBL HOTSPOT TD
NOK HA-0236G-A MESH WI-FI,NOK HA-0236G-A MESH WI-FI
NOK 5G21 WIFI GATEWAY,NOK 5G21 WIFI GATEWAY
BLT S22 16G,BLT S22 16G
SAM A516U A51 5G 128G,SAM A516U A51 5G 128G
TMO REVVL5G 128G,TMO REVVL5G 128G
TMO REVVL4+ 64G,TMO REVVL4+ 64G
LG LMG900TM VELVET5G 128G,LG LMG900TM VELVET5G 128G
MOT ODYSSEY RAZR 256G,MOT ODYSSEY RAZR 256G
SAM N981U NOTE20 5GCANVAS 128G,SAM N981U NOTE20 5GCANVAS 128G
SAM N986U NOTE20ULTCANVAS 128G,SAM N986U NOTE20ULTCANVAS 128G
SAM N986U NOTE20ULTCANVAS 512G,SAM N986U NOTE20ULTCANVAS 512G
CLPD CP3667AT TASKER 32G,CLPD CP3667AT TASKER 32G
OP LEIA 8T+ 5G 256G,OP LEIA 8T+ 5G 256G
LEN CHROME100E V2 32G,LEN CHROME100E V2 32G
LEN WIN10P 100E V2 64G,LEN WIN10P 100E V2 64G
SAM XE310 CHROMEBOOK 4 32G,SAM XE310 CHROMEBOOK 4 32G
TMO REVVL4 32G,TMO REVVL4 32G
SAM F707U Z FLIP BLOOM 5G 256G,SAM F707U Z FLIP BLOOM 5G 256G
SAM T978U TAB S7+ 5G 128G,SAM T978U TAB S7+ 5G 128G
SAM T878U TAB S7 5G 128G,SAM T878U TAB S7 5G 128G
TMO T9 MOBILE HOTSPOT P10M,TMO T9 MOBILE HOTSPOT P10M
ALC MW43TM LZONE2 P10M 16G,ALC MW43TM LZONE2 P10M 16G
SAM F916U GLXY Z FLD2 256G,SAM F916U GLXY Z FLD2 256G
LG LMF100TM WING 256G,LG LMF100TM WING 256G
ALC 9032W JOY TAB2 32G,ALC 9032W JOY TAB2 32G
SAM W767P BOOK S 256G,SAM W767P BOOK S 256G
SAM G781U GS20 FE 5G 128G,SAM G781U GS20 FE 5G 128G
INSEEGO 5G MIFI M2000,INSEEGO 5G MIFI M2000
OP NORD N10 5G 128G,OP NORD N10 5G 128G
OP NORD N100 64G,OP NORD N100 64G
GGL PIXEL 4A 5G 128G,GGL PIXEL 4A 5G 128G
MOT G PLAY 32G,MOT G PLAY 32G
FRA T10 MOBILE HTSPT 256G,FRA T10 MOBILE HTSPT 256G
SAM G991U GS21 5G 128G,SAM G991U GS21 5G 128G
SAM G996U GS21+ 5G 128G,SAM G996U GS21+ 5G 128G
SAM G998U GS21 ULT 5G 128G,SAM G998U GS21 ULT 5G 128G
CLPD 3321AT BELLEZA 8G,CLPD 3321AT BELLEZA 8G
ARLO GO,ARLO GO
CLPD 314AT SYNCUP TRACKR 128MB,CLPD 314AT SYNCUP TRACKR 128MB
MOT ONE 5G ACE 128G,MOT ONE 5G ACE 128G
TMO HOTSPOT HS1 TESTDRIVE,TMO HOTSPOT HS1 TESTDRIVE
TMO HOTSPOT MHS HS1,TMO HOTSPOT MHS HS1
TMO HOTSPOT MHS HS1 P10M,TMO HOTSPOT MHS HS1 P10M
TMO SYNCUP KIDS WATCH,TMO SYNCUP KIDS WATCH
ALC 4056W GO FLIP4 4G,ALC 4056W GO FLIP4 4G
SAM G998U GS21 ULT 5G 512G,SAM G998U GS21 ULT 5G 512G
SAM G996U GS21+ 5G 256G,SAM G996U GS21+ 5G 256G
SAM G991U GS21 5G 256G,SAM G991U GS21 5G 256G
FRA T10 MOBILE HTSPT P10M,FRA T10 MOBILE HTSPT P10M
ALU 9961 V3 4G LTE CELLSPOT,ALU 9961 V3 4G LTE CELLSPOT
OP 9 5G STORM TROOPER 128G,OP 9 5G STORM TROOPER 128G
OP 9 PRO 5G KYLO REN 256G,OP 9 PRO 5G KYLO REN 256G
SAM G998U GS21 ULT 5G 256G,SAM G998U GS21 ULT 5G 256G
SAM A326U A32 64G,SAM A326U A32 64G
SAM A526U A52 128G,SAM A526U A52 128G
SAM A125U A12 32G,SAM A125U A12 32G
TMO HOTSPOT D53 5G,TMO HOTSPOT D53 5G
BLT S62 128G,BLT S62 128G
LG LMK420TM K53 64G,LG LMK420TM K53 64G
LG LMK330TM ARISTO6 32G,LG LMK330TM ARISTO6 32G
LG RAINBOW 128G,LG RAINBOW 128G
OP NORD N200 JABBA 5G 64G,OP NORD N200 JABBA 5G 64G
ACE CHROMEBOOK 511 LTE 4G,ACE CHROMEBOOK 511 LTE 4G
TMO REVVL V+ 5G 64G,TMO REVVL V+ 5G 64G
MOT G STYLUS 5G 128G,MOT G STYLUS 5G 128G
SON XP3 PLUS 16G,SON XP3 PLUS 16G
SON XP3 PLUS NC 16G,SON XP3 PLUS NC 16G
SAM A025U A02 32G,SAM A025U A02 32G
TMX FAMILY CONNECT SENIOR 4G,TMX FAMILY CONNECT SENIOR 4G
SAM TAB A7 LITE 32G,SAM TAB A7 LITE 32G
Q1 FIXTA LTE SPEAKER,Q1 FIXTA LTE SPEAKER
SAM G990U GS21 FE 5G 128G,SAM G990U GS21 FE 5G 128G
SAM G990U GS21 FE 5G 256G,SAM G990U GS21 FE 5G 256G
SAM F926U Z FOLD3 5G 256G,SAM F926U Z FOLD3 5G 256G
SAM F711U Z FLIP3 5G 128G,SAM F711U Z FLIP3 5G 128G
SAM F711U Z FLIP3 5G 256G,SAM F711U Z FLIP3 5G 256G
SAM F926U Z FOLD3 5G 512G,SAM F926U Z FOLD3 5G 512G
TMO REVVL V 32G,TMO REVVL V 32G
SYNCUP DRIVE SD-7000T1,SYNCUP DRIVE SD-7000T1
TCL 20 XE 32G,TCL 20 XE 32G
HMD NOKIA X100 128G,HMD NOKIA X100 128G
MOT G PURE 32G,MOT G PURE 32G
SAM XE345XDA CROMBK GO 32G,SAM XE345XDA CROMBK GO 32G
SAM T738U TAB S7 FE 64G,SAM T738U TAB S7 FE 64G
SAM G998U GS21 ULT BBY 5G 128G,SAM G998U GS21 ULT BBY 5G 128G
ASK 5G GATEWAY 32G,ASK 5G GATEWAY 32G
MOT TONGA G POWER 22 64G,MOT TONGA G POWER 22 64G
INS FX2000 5G ROUTER,INS FX2000 5G ROUTER
SAM GS21 FE BBY 5G 128G,SAM GS21 FE BBY 5G 128G
CRPT ES320 ROUTER 5G,CRPT ES320 ROUTER 5G
TCL TAB LITE 32G,TCL TAB LITE 32G
GGL ORIOLE PIXEL 6 128G,GGL ORIOLE PIXEL 6 128G
GGL RAVEN PIXEL 6 PRO 128G,GGL RAVEN PIXEL 6 PRO 128G
SAM NP545XLA BK GO 5G 128G,SAM NP545XLA BK GO 5G 128G
ARC KVD21 GATEWAY,ARC KVD21 GATEWAY
TCL T767W 30 XE 5G 64G,TCL T767W 30 XE 5G 64G
TCL T779W STYLUS 5G 128G,TCL T779W STYLUS 5G 128G
SAM S901U GS22 128G,SAM S901U GS22 128G
SAM S908U GS22 ULT 128G,SAM S908U GS22 ULT 128G
SAM S906U GS22+ 128G,SAM S906U GS22+ 128G
SAM A136U A13 5G 64G,SAM A136U A13 5G 64G
SAG FAST5688W 5G GATEWAY,SAG FAST5688W 5G GATEWAY
SAM A037U A03 32G,SAM A037U A03 32G
ALC JOY TAB KIDS 2 32G,ALC JOY TAB KIDS 2 32G
KON T8B22 MOX TAB2 32G,KON T8B22 MOX TAB2 32G
SAM S908U GS22 ULT 512G,SAM S908U GS22 ULT 512G
SAM S901U GS22 256G,SAM S901U GS22 256G
SAM S906U GS22+ 256G,SAM S906U GS22+ 256G
SAM S908U GS22 ULT 256G,SAM S908U GS22 ULT 256G
Q1 SC3218T SCHOK FLIP 8G,Q1 SC3218T SCHOK FLIP 8G
OP NE2217 10 PRO 5G 128G,OP NE2217 10 PRO 5G 128G
ANS ACK2326 KIRK2 32G,ANS ACK2326 KIRK2 32G
OP GN2200 NORD N20 5G 128G,OP GN2200 NORD N20 5G 128G
SAM A536U A53 128G,SAM A536U A53 128G
ANS U616AT VOIX 32G,ANS U616AT VOIX 32G
ANS HPP-L60A CHILACA 32G,ANS HPP-L60A CHILACA 32G
SAM TAB S8+ 5G 128G,SAM TAB S8+ 5G 128G
ARLO GO 2,ARLO GO 2
MOT G STYLUS 5G 2GEN 128G,MOT G STYLUS 5G 2GEN 128G
MOT G 5G 2GEN 64G,MOT G 5G 2GEN 64G
TMO SYNCUP KIDS WATCH 8G,TMO SYNCUP KIDS WATCH 8G
TCL MK40 TRACKER2 128MB,TCL MK40 TRACKER2 128MB
SAM A135U A13 32GB,SAM A135U A13 32GB
REL RC609L ORBIC FUN 32G,REL RC609L ORBIC FUN 32G
GGL PIXEL 6A 5G BLUEJAY 128G,GGL PIXEL 6A 5G BLUEJAY 128G
TCL 4058W FLIPGO 8G,TCL 4058W FLIPGO 8G
TMO REVVL 6 PRO 5G 128G,TMO REVVL 6 PRO 5G 128G
SAM G736U XCVR6 PRO 128G,SAM G736U XCVR6 PRO 128G
INSEEGO MIFI X PRO 5G 1G,INSEEGO MIFI X PRO 5G 1G
JEX RG2100 HOTSPOT 5G 1G,JEX RG2100 HOTSPOT 5G 1G
TMO REVVL 6 5G 64G,TMO REVVL 6 5G 64G
HMD NOKIA G400 5G 64G,HMD NOKIA G400 5G 64G
TCL TAB 10 5G 32G,TCL TAB 10 5G 32G
SAM A236U A23 5G 64G,SAM A236U A23 5G 64G
GGL PIXEL 7 PRO CHEETAH 128G,GGL PIXEL 7 PRO CHEETAH 128G
GGL PIXEL 7 PANTHER 128G,GGL PIXEL 7 PANTHER 128G
OP NORD N300 5G 64G,OP NORD N300 5G 64G
MOT EDGE XT22051 5G DUBAI 128G,MOT EDGE XT22051 5G DUBAI 128G
SAM F936U Z FOLD4 5G Q4 512G,SAM F936U Z FOLD4 5G Q4 512G
SAM F936U Z FOLD4 5G Q4 256G,SAM F936U Z FOLD4 5G Q4 256G
SAM F721U Z FLIP4 5G B4 256G,SAM F721U Z FLIP4 5G B4 256G
SAM F721U Z FLIP4 5G B4 128G,SAM F721U Z FLIP4 5G B4 128G
OP 10T 5G FALCON 128G,OP 10T 5G FALCON 128G
SAM G990U2 GS21 FE 5G V2 128G,SAM G990U2 GS21 FE 5G V2 128G
INS FX2000 5G ROUTER OPX,INS FX2000 5G ROUTER OPX
LG LMT600 GPAD5 32G,LG LMT600 GPAD5 32G
SAM S901U GS22 5G 128G,SAM S901U GS22 5G 128G
TMX FAMILY CONNECT 4GB,TMX FAMILY CONNECT 4GB
TCL TAB 8 LE 32G,TCL TAB 8 LE 32G
TCL ION X T430W 32GB,TCL ION X T430W 32GB
ANS SL004T KOOBEE K100 EAGLE 1,ANS SL004T KOOBEE K100 EAGLE 1
ANS HPPL62A TABASCO 8G,ANS HPPL62A TABASCO 8G
ANS U3160T STUDIO MINI 32G,ANS U3160T STUDIO MINI 32G
Moto G Play 2022,MOT XT22715 GPLAY 32G
Moto G Play,MOT XT22715 GPLAY 32G
Motorola G Play 2022,MOT XT22715 GPLAY 32G
G Play,MOT XT22715 GPLAY 32G
G Play 2022,MOT XT22715 GPLAY 32G
Motorola G Play,MOT XT22715 GPLAY 32G
SAM A146U A14 5G 64G,SAM A146U A14 5G 64G
INS FX2000 5G ROUTER OPX V2,INS FX2000 5G ROUTER OPX V2
Samsung Galaxy S23,SAM S911U GS23 5G DM1 128G
Samsung Galaxy S23,SAM S911U GS23 5G DM1 256G
Samsung Galaxy S23+,SAM S916U GS23+ 5G DM2 256G
Samsung Galaxy S23+,SAM S916U GS23+ 5G DM2 512G
Samsung Galaxy S23 Ultra,SAM S918U GS23 ULT 5G DM3 256G
Samsung Galaxy S23 Ultra,SAM S918U GS23 ULT 5G DM3 512G
SAM A546U A54 5G 128G,SAM A546U A54 5G 128G
G 2023,MOT XT23136 G 5G 64G
G,MOT XT23136 G 5G 64G
Moto G,MOT XT23136 G 5G 64G
Moto G 2023,MOT XT23136 G 5G 64G
Motorola G 2023,MOT XT23136 G 5G 64G
Motorola G,MOT XT23136 G 5G 64G
Motorola G Power 2023,MOT XT23113 GPOWER 5G 128G
Motorola G Power,MOT XT23113 GPOWER 5G 128G
G Power,MOT XT23113 GPOWER 5G 128G
Moto G Power 2023,MOT XT23113 GPOWER 5G 128G
G Power 2023,MOT XT23113 GPOWER 5G 128G
Moto G Power,MOT XT23113 GPOWER 5G 128G
GGL PIXEL 7A 5G L10 128G,GGL PIXEL 7A 5G L10 128G
TCL TAB 8 LE P10M 32G,TCL TAB 8 LE P10M 32G
OP NORD N30 5G 128G,OP NORD N30 5G 128G
GGL PIXEL FOLD 5G F10 256G,GGL PIXEL FOLD 5G F10 256G
TMO-G4AR 5G GATEWAY,TMO-G4AR 5G GATEWAY
INS FX3100 5G ROUTER,INS FX3100 5G ROUTER
Motorola G Stylus 2023,MOT XT23151 G STYLUS 5G 128G
G Stylus 2023,MOT XT23151 G STYLUS 5G 128G
Motorola G Stylus,MOT XT23151 G STYLUS 5G 128G
Moto G Stylus,MOT XT23151 G STYLUS 5G 128G
Moto G Stylus 2023,MOT XT23151 G STYLUS 5G 128G
G Stylus,MOT XT23151 G STYLUS 5G 128G
Motorola Razr Plus,MOT XT23213 RAZR+ 5G JUNO 256G
Moto Razr Plus 2023,MOT XT23213 RAZR+ 5G JUNO 256G
Razr Plus,MOT XT23213 RAZR+ 5G JUNO 256G
Moto Razr Plus,MOT XT23213 RAZR+ 5G JUNO 256G
Moto Razr+,MOT XT23213 RAZR+ 5G JUNO 256G
Razr Plus 2023,MOT XT23213 RAZR+ 5G JUNO 256G
Motorola Razr+,MOT XT23213 RAZR+ 5G JUNO 256G
Moto Razr+ 2023,MOT XT23213 RAZR+ 5G JUNO 256G
Motorola Razr Plus 2023,MOT XT23213 RAZR+ 5G JUNO 256G
Razr+,MOT XT23213 RAZR+ 5G JUNO 256G
Razr+ 2023,MOT XT23213 RAZR+ 5G JUNO 256G
Motorola Razr+ 2023,MOT XT23213 RAZR+ 5G JUNO 256G
TMO REVVL 6X 5G 128G,TMO REVVL 6X 5G 128G
TMO REVVL 6X PRO 5G 256G,TMO REVVL 6X PRO 5G 256G
TMO REVVL TAB 5G 128G,TMO REVVL TAB 5G 128G
HMD NOKIA C210 32G,HMD NOKIA C210 32G
HMD NOKIA G310 5G 128G,HMD NOKIA G310 5G 128G
SAM F946U Z FOLD5 5G Q5 256G,SAM F946U Z FOLD5 5G Q5 256G
SAM F946U Z FOLD5 5G Q5 512G,SAM F946U Z FOLD5 5G Q5 512G
SAM F731U Z FLIP5 5G B5 256G,SAM F731U Z FLIP5 5G B5 256G
SAM F731U Z FLIP5 5G B5 512G,SAM F731U Z FLIP5 5G B5 512G
TMO-G4SE 5G GATEWAY,TMO-G4SE 5G GATEWAY
TCL T432W K11 32G,TCL T432W K11 32G
TCL T434W K23 32G,TCL T434W K23 32G
Google Pixel 8 Pro,GGL PIXEL 8 PRO 5G HK3 128G
Google Pixel 8,GGL PIXEL 8 5G SB3 128G
INS FX3100 5G ROUTER OPX,INS FX3100 5G ROUTER OPX
SAM TAB S9 FE 5G 128G,SAM TAB S9 FE 5G 128G
Moto Razr,MOT XT23232 RAZR 5G VENUS 128G
Razr 2023,MOT XT23232 RAZR 5G VENUS 128G
Razr,MOT XT23232 RAZR 5G VENUS 128G
Moto Razr 2023,MOT XT23232 RAZR 5G VENUS 128G
Motorola Razr 2023,MOT XT23232 RAZR 5G VENUS 128G
Motorola Razr,MOT XT23232 RAZR 5G VENUS 128G
Samsung Galaxy S23 FE,SAM S711U GS23 FE 5G 128G
MUN 4G ADPTR FCA UCONNECT,MUN 4G ADPTR FCA UCONNECT
SAM A156U A15 5G 128G,SAM A156U A15 5G 128G
SAM X218U TAB A9+ 5G 64G,SAM X218U TAB A9+ 5G 64G
G 2024,MOT XT24171 G 5G 128G
G,MOT XT24171 G 5G 128G
Motorola G 2024,MOT XT24171 G 5G 128G
Moto G,MOT XT24171 G 5G 128G
Moto G 2024,MOT XT24171 G 5G 128G
Motorola G,MOT XT24171 G 5G 128G
Samsung Galaxy S24,SAM S921U GS24 5G EUREKA1 128G
Samsung Galaxy S24,SAM S921U GS24 5G EUREKA1 256G
Galaxy S24,SAM S921U GS24 5G EUREKA1 128G
Galaxy S24,SAM S921U GS24 5G EUREKA1 256G
GS24,SAM S921U GS24 5G EUREKA1 128G
GS24,SAM S921U GS24 5G EUREKA1 256G
S24,SAM S921U GS24 5G EUREKA1 128G
S24,SAM S921U GS24 5G EUREKA1 256G
Samsung GS24,SAM S921U GS24 5G EUREKA1 128G
Samsung GS24,SAM S921U GS24 5G EUREKA1 256G
Samsung S24,SAM S921U GS24 5G EUREKA1 128G
Samsung S24,SAM S921U GS24 5G EUREKA1 256G
SAM N910T GALAXY NOTE 4,SAM N910T GALAXY NOTE 4
S24+,SAM S926U GS24+ 5G EUREKA2 256
S24+,SAM S926U GS24+ 5G EUREKA2 512
Galaxy S24 Plus,SAM S926U GS24+ 5G EUREKA2 256
Galaxy S24 Plus,SAM S926U GS24+ 5G EUREKA2 512
Samsung Galaxy S24+,SAM S926U GS24+ 5G EUREKA2 256
Samsung Galaxy S24+,SAM S926U GS24+ 5G EUREKA2 512
Galaxy S24+,SAM S926U GS24+ 5G EUREKA2 256
Galaxy S24+,SAM S926U GS24+ 5G EUREKA2 512
S24 Plus,SAM S926U GS24+ 5G EUREKA2 256
S24 Plus,SAM S926U GS24+ 5G EUREKA2 512
Samsung S24+,SAM S926U GS24+ 5G EUREKA2 256
Samsung S24+,SAM S926U GS24+ 5G EUREKA2 512
Samsung S24 Plus,SAM S926U GS24+ 5G EUREKA2 256
Samsung S24 Plus,SAM S926U GS24+ 5G EUREKA2 512
Samsung S24 Ultra,SAM S928U GS24 ULT 5G EU3 256G
Samsung S24 Ultra,SAM S928U GS24 ULT 5G EU3 512G
Galaxy S24 Ultra,SAM S928U GS24 ULT 5G EU3 256G
Galaxy S24 Ultra,SAM S928U GS24 ULT 5G EU3 512G
Samsung Galaxy S24 Ultra,SAM S928U GS24 ULT 5G EU3 256G
Samsung Galaxy S24 Ultra,SAM S928U GS24 ULT 5G EU3 512G
Samsung S24U,SAM S928U GS24 ULT 5G EU3 256G
Samsung S24U,SAM S928U GS24 ULT 5G EU3 512G
S24U,SAM S928U GS24 ULT 5G EU3 256G
S24U,SAM S928U GS24 ULT 5G EU3 512G
S24 Ultra,SAM S928U GS24 ULT 5G EU3 256G
S24 Ultra,SAM S928U GS24 ULT 5G EU3 512G
Moto G Power 2024,MOT XT24151 GPOWER5G 128G
G Power 2024,MOT XT24151 GPOWER5G 128G
Motorola G Power,MOT XT24151 GPOWER5G 128G
G Power,MOT XT24151 GPOWER5G 128G
Motorola G Power 2024,MOT XT24151 GPOWER5G 128G
Moto G Power,MOT XT24151 GPOWER5G 128G
Q1 LC301T 32G,Q1 LC301T 32G
Google Pixel 8a,GGL PIXEL 8A 5G AK3 128G
SAM A356U A35 5G 128G,SAM A356U A35 5G 128G
TCL T702W 50 XL 5G 128G,TCL T702W 50 XL 5G 128G
REVVL 7 Pro,TMO REVVL 7 PRO 5G 256G
TMO REVVL 7 Pro,TMO REVVL 7 PRO 5G 256G
T-Mobile REVVL 7 Pro,TMO REVVL 7 PRO 5G 256G
REVVL7 Pro,TMO REVVL 7 PRO 5G 256G
TMO REVVL 7,TMO REVVL 7 5G 128G
T-Mobile REVVL 7,TMO REVVL 7 5G 128G
REVVL 7,TMO REVVL 7 5G 128G
REVVL7,TMO REVVL 7 5G 128G
TMO SYNCUP KIDS WATCH 2GEN 32G,TMO SYNCUP KIDS WATCH 2GEN 32G
Motorola Edge,MOT XT24051 EDGE 5G 256G
Motorola Edge 2024,MOT XT24051 EDGE 5G 256G
Moto Edge 2024,MOT XT24051 EDGE 5G 256G
Edge 2024,MOT XT24051 EDGE 5G 256G
Moto Edge,MOT XT24051 EDGE 5G 256G
Edge,MOT XT24051 EDGE 5G 256G
Motorola G Stylus,MOT XT24191 G STYLUS 5G 128G
Motorola G Stylus 2024,MOT XT24191 G STYLUS 5G 128G
G Stylus 2024,MOT XT24191 G STYLUS 5G 128G
Moto G Stylus,MOT XT24191 G STYLUS 5G 128G
G Stylus,MOT XT24191 G STYLUS 5G 128G
Moto G Stylus 2024,MOT XT24191 G STYLUS 5G 128G
Moto Razr,MOT XT24533 RAZR 5G GLORY 256G
Razr 2024,MOT XT24533 RAZR 5G GLORY 256G
Razr,MOT XT24533 RAZR 5G GLORY 256G
Motorola Razr 2024,MOT XT24533 RAZR 5G GLORY 256G
Moto Razr 2024,MOT XT24533 RAZR 5G GLORY 256G
Motorola Razr,MOT XT24533 RAZR 5G GLORY 256G
TMO SYNCUP TRACKER 2GEN 64MB,TMO SYNCUP TRACKER 2GEN 64MB
Razr Plus 2024,MOT XT24511 RAZR+ 5G AURA 256G
Moto Razr+ 2024,MOT XT24511 RAZR+ 5G AURA 256G
Motorola Razr Plus,MOT XT24511 RAZR+ 5G AURA 256G
Razr Plus,MOT XT24511 RAZR+ 5G AURA 256G
Moto Razr Plus,MOT XT24511 RAZR+ 5G AURA 256G
Razr+ 2024,MOT XT24511 RAZR+ 5G AURA 256G
Moto Razr+,MOT XT24511 RAZR+ 5G AURA 256G
Motorola Razr+ 2024,MOT XT24511 RAZR+ 5G AURA 256G
Motorola Razr Plus 2024,MOT XT24511 RAZR+ 5G AURA 256G
Motorola Razr+,MOT XT24511 RAZR+ 5G AURA 256G
Razr+,MOT XT24511 RAZR+ 5G AURA 256G
Moto Razr Plus 2024,MOT XT24511 RAZR+ 5G AURA 256G
Z Flip6,SAM F741U Z FLIP6 5G B6 256G
Z Flip6,SAM F741U Z FLIP6 5G B6 512G
Samsung Z Flip6,SAM F741U Z FLIP6 5G B6 256G
Samsung Z Flip6,SAM F741U Z FLIP6 5G B6 512G
Samsung ZFlip6,SAM F741U Z FLIP6 5G B6 256G
Samsung ZFlip6,SAM F741U Z FLIP6 5G B6 512G
Galaxy Z Flip6,SAM F741U Z FLIP6 5G B6 256G
Galaxy Z Flip6,SAM F741U Z FLIP6 5G B6 512G
Samsung Galaxy Z Flip6,SAM F741U Z FLIP6 5G B6 256G
Samsung Galaxy Z Flip6,SAM F741U Z FLIP6 5G B6 512G
ZFlip6,SAM F741U Z FLIP6 5G B6 256G
ZFlip6,SAM F741U Z FLIP6 5G B6 512G
Pixel 9 5G,GGL PIXEL 9 5G TK4 128G
Pixel 9 5G,GGL PIXEL 9 5G TK4 256G
Pixel 9,GGL PIXEL 9 5G TK4 128G
Pixel 9,GGL PIXEL 9 5G TK4 256G
Pixel9,GGL PIXEL 9 5G TK4 128G
Pixel9,GGL PIXEL 9 5G TK4 256G
Google Pixel9,GGL PIXEL 9 5G TK4 128G
Google Pixel9,GGL PIXEL 9 5G TK4 256G
Google Pixel 9,GGL PIXEL 9 5G TK4 128G
Google Pixel 9,GGL PIXEL 9 5G TK4 256G
P9,GGL PIXEL 9 5G TK4 128G
P9,GGL PIXEL 9 5G TK4 256G
Google Pixel9 Pro,GGL PIXEL 9 PRO 5G CM4 256G
Google Pixel9 Pro,GGL PIXEL 9 PRO 5G CM4 512G
Google Pixel9 Pro,GGL PIXEL 9 PROFOLD 5G CT3 256
Google Pixel 9 Pro,GGL PIXEL 9 PRO 5G CM4 256G
Google Pixel 9 Pro,GGL PIXEL 9 PRO 5G CM4 512G
Google Pixel 9 Pro,GGL PIXEL 9 PROFOLD 5G CT3 256
Pixel 9 Pro,GGL PIXEL 9 PRO 5G CM4 256G
Pixel 9 Pro,GGL PIXEL 9 PRO 5G CM4 512G
Pixel 9 Pro,GGL PIXEL 9 PROFOLD 5G CT3 256
Pixel9 Pro,GGL PIXEL 9 PRO 5G CM4 256G
Pixel9 Pro,GGL PIXEL 9 PRO 5G CM4 512G
Pixel9 Pro,GGL PIXEL 9 PROFOLD 5G CT3 256
P9 Pro,GGL PIXEL 9 PRO 5G CM4 256G
P9 Pro,GGL PIXEL 9 PRO 5G CM4 512G
P9 Pro,GGL PIXEL 9 PROFOLD 5G CT3 256
Samsung Z Fold6,SAM F956U Z FOLD6 5G Q6 256G
Samsung Z Fold6,SAM F956U Z FOLD6 5G Q6 512G
Galaxy Z Fold6,SAM F956U Z FOLD6 5G Q6 256G
Galaxy Z Fold6,SAM F956U Z FOLD6 5G Q6 512G
Samsung ZFold6,SAM F956U Z FOLD6 5G Q6 256G
Samsung ZFold6,SAM F956U Z FOLD6 5G Q6 512G
Samsung Galaxy Z Fold6,SAM F956U Z FOLD6 5G Q6 256G
Samsung Galaxy Z Fold6,SAM F956U Z FOLD6 5G Q6 512G
Z Fold6,SAM F956U Z FOLD6 5G Q6 256G
Z Fold6,SAM F956U Z FOLD6 5G Q6 512G
ZFold6,SAM F956U Z FOLD6 5G Q6 256G
ZFold6,SAM F956U Z FOLD6 5G Q6 512G
LEN 100E 4TH GEN 32G,LEN 100E 4TH GEN 32G
JEX RG3100 HOTSPOT 5G 1G,JEX RG3100 HOTSPOT 5G 1G
TCL LINKPORT IK511,TCL LINKPORT IK511
Pixel 9 ProXL,GGL PIXEL 9 PRO XL 5G KM4 256G
Pixel 9 ProXL,GGL PIXEL 9 PRO XL 5G KM4 512G
P9 Pro XL,GGL PIXEL 9 PRO XL 5G KM4 256G
P9 Pro XL,GGL PIXEL 9 PRO XL 5G KM4 512G
Pixel 9 Pro XL,GGL PIXEL 9 PRO XL 5G KM4 256G
Pixel 9 Pro XL,GGL PIXEL 9 PRO XL 5G KM4 512G
Google Pixel 9 Pro XL,GGL PIXEL 9 PRO XL 5G KM4 256G
Google Pixel 9 Pro XL,GGL PIXEL 9 PRO XL 5G KM4 512G
Pixel9 Pro XL,GGL PIXEL 9 PRO XL 5G KM4 256G
Pixel9 Pro XL,GGL PIXEL 9 PRO XL 5G KM4 512G
Google Pixel9 Pro XL,GGL PIXEL 9 PRO XL 5G KM4 256G
Google Pixel9 Pro XL,GGL PIXEL 9 PRO XL 5G KM4 512G
SAM X828U TAB S10+ 5G 256G,SAM X828U TAB S10+ 5G 256G
DUMMY APPLE WATCH ULTRA 2025,DUMMY APPLE WATCH ULTRA 2025
DUMMY THE APPLE WATCH GEN 11,DUMMY THE APPLE WATCH GEN 11
DUMMY GALAXY TAB 2025 MID,DUMMY GALAXY TAB 2025 MID
DUMMY 2025 REVVL AI,DUMMY 2025 REVVL AI
Samsung Galaxy S24 FE,SAM S721U GS24 FE 5G 128G
GS24 FE,SAM S721U GS24 FE 5G 128G
Galaxy S24 FE,SAM S721U GS24 FE 5G 128G
Samsung S24 FE,SAM S721U GS24 FE 5G 128G
Samsung GS24 FE,SAM S721U GS24 FE 5G 128G
S24 FE,SAM S721U GS24 FE 5G 128G
DUMMY IPAD PRO 11 SG NPI MEM2,DUMMY IPAD PRO 11 SG NPI MEM2
DUMMY IPAD 11 NPI MEM 1,DUMMY IPAD 11 NPI MEM 1
DUMMY IPAD PRO 11 SG NPI MEM3,DUMMY IPAD PRO 11 SG NPI MEM3
DUMMY IPAD 11 NPI MEM 2,DUMMY IPAD 11 NPI MEM 2
DUMMY IPAD PRO 11 SG NPI MEM4,DUMMY IPAD PRO 11 SG NPI MEM4
DUMMY IPAD PRO 11 SG NPI MEM5,DUMMY IPAD PRO 11 SG NPI MEM5
DUMMY IPAD 11 NPI MEM 3,DUMMY IPAD 11 NPI MEM 3
DUMMY IPAD PRO 13 SG NPI MEM4,DUMMY IPAD PRO 13 SG NPI MEM4
DUMMY IPAD PRO 13 SG NPI MEM5,DUMMY IPAD PRO 13 SG NPI MEM5
DUMMY IPAD AIR 11 NPI MEM 1,DUMMY IPAD AIR 11 NPI MEM 1
DUMMY IPAD PRO 13 TG NPI MEM1,DUMMY IPAD PRO 13 TG NPI MEM1
DUMMY IPAD PRO 13 TG NPI MEM2,DUMMY IPAD PRO 13 TG NPI MEM2
DUMMY IPAD AIR 11 NPI MEM 2,DUMMY IPAD AIR 11 NPI MEM 2
DUMMY IPAD PRO 13 TG NPI MEM3,DUMMY IPAD PRO 13 TG NPI MEM3
DUMMY IPAD AIR 11 NPI MEM 3,DUMMY IPAD AIR 11 NPI MEM 3
DUMMY IPAD AIR 11 NPI MEM 4,DUMMY IPAD AIR 11 NPI MEM 4
DUMMY IPAD AIR 11 NPI MEM 5,DUMMY IPAD AIR 11 NPI MEM 5
DUMMY IPAD PRO 11 TG NPI MEM1,DUMMY IPAD PRO 11 TG NPI MEM1
DUMMY IPAD PRO 11 TG NPI MEM2,DUMMY IPAD PRO 11 TG NPI MEM2
DUMMY IPAD AIR 13 NPI MEM 1,DUMMY IPAD AIR 13 NPI MEM 1
DUMMY IPAD PRO 11 TG NPI MEM3,DUMMY IPAD PRO 11 TG NPI MEM3
DUMMY IPAD AIR 13 NPI MEM 2,DUMMY IPAD AIR 13 NPI MEM 2
DUMMY 2025 IPHONE NPI MEM 2,DUMMY 2025 IPHONE NPI MEM 2
DUMMY 2025 IPHONE NPI MEM 3,DUMMY 2025 IPHONE NPI MEM 3
DUMMY 2025 IPHONE NPI MEM 4,DUMMY 2025 IPHONE NPI MEM 4
DUMMY 25 IPHONE NPI PLUS MEM 2,DUMMY 25 IPHONE NPI PLUS MEM 2
DUMMY 25 IPHONE NPI PLUS MEM 3,DUMMY 25 IPHONE NPI PLUS MEM 3
DUMMY 25 IPHONE NPI PLUS MEM 4,DUMMY 25 IPHONE NPI PLUS MEM 4
DUMMY 25 IPHONE NPI PRO MEM 2,DUMMY 25 IPHONE NPI PRO MEM 2
DUMMY 25 IPHONE NPI PRO MEM 3,DUMMY 25 IPHONE NPI PRO MEM 3
DUMMY 25 IPHONE NPI PRO MEM 4,DUMMY 25 IPHONE NPI PRO MEM 4
DUMMY 25 IPHONE NPI PRO MEM 5,DUMMY 25 IPHONE NPI PRO MEM 5
DUMMY 25 IPHONE NPI PRO MEM 6,DUMMY 25 IPHONE NPI PRO MEM 6
DUMMY 26 IPHONE NPI MEM 1,DUMMY 26 IPHONE NPI MEM 1
DUMMY 26 IPHONE NPI PLUS MEM 1,DUMMY 26 IPHONE NPI PLUS MEM 1
DUMMY 26 IPHONE NPI PRO MEM 1,DUMMY 26 IPHONE NPI PRO MEM 1
DUMMY26IPHONE NPI PRO MAX MEM2,DUMMY26IPHONE NPI PRO MAX MEM2
DUMMY PIXEL FOLD 2026,DUMMY PIXEL FOLD 2026
DUMMY IPHONE NPI PRO MAX MEM 4,DUMMY IPHONE NPI PRO MAX MEM 4
DUMMY IPHONE NPI PRO MAX MEM 5,DUMMY IPHONE NPI PRO MAX MEM 5
DUMMY IPAD PRO 13 SG NPI MEM1,DUMMY IPAD PRO 13 SG NPI MEM1
DUMMY IPAD PRO 13 SG NPI MEM2,DUMMY IPAD PRO 13 SG NPI MEM2
DUMMY IPAD AIR 13 NPI MEM 3,DUMMY IPAD AIR 13 NPI MEM 3
DUMMY IPAD PRO 13 SG NPI MEM3,DUMMY IPAD PRO 13 SG NPI MEM3
DUMMY IPAD AIR 13 NPI MEM 4,DUMMY IPAD AIR 13 NPI MEM 4
DUMMY AW NPI S11 42,DUMMY AW NPI S11 42
DUMMY APL WAT G11,DUMMY APL WAT G11
DUMMY 2026 GALAXY WATCH LARGE,DUMMY 2026 GALAXY WATCH LARGE
DUMMY 2026 GALAXY WATCH ULTRA,DUMMY 2026 GALAXY WATCH ULTRA
DUMMY 2026 GALAXY WATCH SMALL,DUMMY 2026 GALAXY WATCH SMALL
DUMMY 2025 SAGEMCOM MESH ROUTE,DUMMY 2025 SAGEMCOM MESH ROUTE
DUMMY 2025 ARCADYAN MESH ROUTE,DUMMY 2025 ARCADYAN MESH ROUTE
DUMMY INSEEGO X700 MESH ROUTER,DUMMY INSEEGO X700 MESH ROUTER
DUMMY 2025 SAGEMCOM T FIBER RO,DUMMY 2025 SAGEMCOM T FIBER RO
DUMMY AW NPI S11 46,DUMMY AW NPI S11 46
SAM A156U A15 5G 64G,SAM A156U A15 5G 64G
SON XP3 PLUS 5G X320 32G,SON XP3 PLUS 5G X320 32G
SON XP3 PLUS 5G X320 NC 32G,SON XP3 PLUS 5G X320 NC 32G
SON XP PRO X800 5G 8G,SON XP PRO X800 5G 8G
SAM A166U A16 5G 128G,SAM A166U A16 5G 128G
G 2025,MOT XT25131 G 5G 128G
G,MOT XT25131 G 5G 128G
Moto G 2025,MOT XT25131 G 5G 128G
Motorola G 2025,MOT XT25131 G 5G 128G
Moto G,MOT XT25131 G 5G 128G
Motorola G,MOT XT25131 G 5G 128G
Motorola G Power 2025,MOT XT25151 GPOWER 5G 128G
Motorola G Power,MOT XT25151 GPOWER 5G 128G
G Power 2025,MOT XT25151 GPOWER 5G 128G
Moto G Power 2025,MOT XT25151 GPOWER 5G 128G
G Power,MOT XT25151 GPOWER 5G 128G
Moto G Power,MOT XT25151 GPOWER 5G 128G
SAM A366U A36 5G 128G,SAM A366U A36 5G 128G
GS25,SAM S931U GS25 5G 128G
GS25,SAM S931U GS25 5G 256G
Samsung Galaxy S25,SAM S931U GS25 5G 128G
Samsung Galaxy S25,SAM S931U GS25 5G 256G
Samsung S25,SAM S931U GS25 5G 128G
Samsung S25,SAM S931U GS25 5G 256G
Samsung GS25,SAM S931U GS25 5G 128G
Samsung GS25,SAM S931U GS25 5G 256G
Galaxy S25,SAM S931U GS25 5G 128G
Galaxy S25,SAM S931U GS25 5G 256G
S25,SAM S931U GS25 5G 128G
S25,SAM S931U GS25 5G 256G
Samsung Galaxy S25+,SAM S936U GS25+ 5G 256G
Samsung Galaxy S25+,SAM S936U GS25+ 5G 512G
S25+,SAM S936U GS25+ 5G 256G
S25+,SAM S936U GS25+ 5G 512G
Galaxy S25+,SAM S936U GS25+ 5G 256G
Galaxy S25+,SAM S936U GS25+ 5G 512G
Samsung S25 Plus,SAM S936U GS25+ 5G 256G
Samsung S25 Plus,SAM S936U GS25+ 5G 512G
Samsung S25+,SAM S936U GS25+ 5G 256G
Samsung S25+,SAM S936U GS25+ 5G 512G
S25 Plus,SAM S936U GS25+ 5G 256G
S25 Plus,SAM S936U GS25+ 5G 512G
Galaxy S25 Plus,SAM S936U GS25+ 5G 256G
Galaxy S25 Plus,SAM S936U GS25+ 5G 512G
Galaxy S25 Ultra,SAM S938U GS25 ULT 5G 256G
Galaxy S25 Ultra,SAM S938U GS25 ULT 5G 512G
Samsung S25 Ultra,SAM S938U GS25 ULT 5G 256G
Samsung S25 Ultra,SAM S938U GS25 ULT 5G 512G
S25 Ultra,SAM S938U GS25 ULT 5G 256G
S25 Ultra,SAM S938U GS25 ULT 5G 512G
S25U,SAM S938U GS25 ULT 5G 256G
S25U,SAM S938U GS25 ULT 5G 512G
Samsung S25U,SAM S938U GS25 ULT 5G 256G
Samsung S25U,SAM S938U GS25 ULT 5G 512G
Samsung Galaxy S25 Ultra,SAM S938U GS25 ULT 5G 256G
Samsung Galaxy S25 Ultra,SAM S938U GS25 ULT 5G 512G
Google Pixel 9a,GGL PIXEL 9A 128G
Google Pixel 9a,GGL PIXEL 9A 256G
Google Pixel 9A,GGL PIXEL 9A 128G
Google Pixel 9A,GGL PIXEL 9A 256G
Pixel9a,GGL PIXEL 9A 128G
Pixel9a,GGL PIXEL 9A 256G
Pixel 9a,GGL PIXEL 9A 128G
Pixel 9a,GGL PIXEL 9A 256G
P9a,GGL PIXEL 9A 128G
P9a,GGL PIXEL 9A 256G
Google Pixel9a,GGL PIXEL 9A 128G
Google Pixel9a,GGL PIXEL 9A 256G
Pixel 9A,GGL PIXEL 9A 128G
Pixel 9A,GGL PIXEL 9A 256G
TMO-G5AR 5G GATEWAY,TMO-G5AR 5G GATEWAY
TMO-G5SE 5G GATEWAY,TMO-G5SE 5G GATEWAY
TMO-G5SE 5G GATEWAY CPLS,TMO-G5SE 5G GATEWAY CPLS
TMO-G5AR 5G GATEWAY CPLS,TMO-G5AR 5G GATEWAY CPLS
TCL T513W K32 5G 64G,TCL T513W K32 5G 64G
TCL T440W FLIP 4 5G 32G,TCL T440W FLIP 4 5G 32G
G Stylus 2025,MOT XT25171 G STYLUS 128G
Motorola G Stylus,MOT XT25171 G STYLUS 128G
Moto G Stylus 2025,MOT XT25171 G STYLUS 128G
Motorola G Stylus 2025,MOT XT25171 G STYLUS 128G
Moto G Stylus,MOT XT25171 G STYLUS 128G
G Stylus,MOT XT25171 G STYLUS 128G
TMO MESH V2 ACCESS POINT,TMO MESH V2 ACCESS POINT
INS FX4100 5G ROUTER,INS FX4100 5G ROUTER
INS FX4100 5G ROUTER OPX,INS FX4100 5G ROUTER OPX
SAM X528U TAB S10 FE 5G 128G,SAM X528U TAB S10 FE 5G 128G
Motorola Edge,MOT XT25191 EDGE 5G 256G
Edge,MOT XT25191 EDGE 5G 256G
Moto Edge 2025,MOT XT25191 EDGE 5G 256G
Moto Edge,MOT XT25191 EDGE 5G 256G
Edge 2025,MOT XT25191 EDGE 5G 256G
Motorola Edge 2025,MOT XT25191 EDGE 5G 256G
T-Mobile REVVL 8,TMO REVVL 8 5G 128G
REVVL 8,TMO REVVL 8 5G 128G
REVVL8,TMO REVVL 8 5G 128G
TMO REVVL 8,TMO REVVL 8 5G 128G
T-Mobile REVVL 8 Pro,TMO REVVL 8 PRO 5G 256G
T-Mobile REVVL 8 Pro, TMO REVVL 8 PRO 5G 256G
TMO REVVL 8 Pro,TMO REVVL 8 PRO 5G 256G
TMO REVVL 8 Pro, TMO REVVL 8 PRO 5G 256G
REVVL8 Pro,TMO REVVL 8 PRO 5G 256G
REVVL8 Pro, TMO REVVL 8 PRO 5G 256G
REVVL 8 Pro,TMO REVVL 8 PRO 5G 256G
REVVL 8 Pro, TMO REVVL 8 PRO 5G 256G
TMO REVVL TAB 2 5G 64G,TMO REVVL TAB 2 5G 64G
Moto Razr,MOT XT25533 RAZR 256G
Razr 2025,MOT XT25533 RAZR 256G
Motorola Razr 2025,MOT XT25533 RAZR 256G
Razr,MOT XT25533 RAZR 256G
Moto Razr 2025,MOT XT25533 RAZR 256G
Motorola Razr,MOT XT25533 RAZR 256G
Moto Razr Ultra,MOT XT25511 RAZR ULTRA 512G
Razr Ultra,MOT XT25511 RAZR ULTRA 512G
Razr Ultra 2025,MOT XT25511 RAZR ULTRA 512G
Motorola Razr Ultra,MOT XT25511 RAZR ULTRA 512G
Motorola Razr Ultra 2025,MOT XT25511 RAZR ULTRA 512G
Moto Razr Ultra 2025,MOT XT25511 RAZR ULTRA 512G
Moto Razr+ 2025,MOT XT25572 RAZR+ 256G
Motorola Razr Plus,MOT XT25572 RAZR+ 256G
Motorola Razr Plus 2025,MOT XT25572 RAZR+ 256G
Razr Plus,MOT XT25572 RAZR+ 256G
Moto Razr Plus,MOT XT25572 RAZR+ 256G
Razr Plus 2025,MOT XT25572 RAZR+ 256G
Motorola Razr+ 2025,MOT XT25572 RAZR+ 256G
Razr+ 2025,MOT XT25572 RAZR+ 256G
Moto Razr+,MOT XT25572 RAZR+ 256G
Moto Razr Plus 2025,MOT XT25572 RAZR+ 256G
Razr+,MOT XT25572 RAZR+ 256G
Motorola Razr+,MOT XT25572 RAZR+ 256G
SAM S937U GS25 EDGE 256G,SAM S937U GS25 EDGE 256G
SAM S937U GS25 EDGE 512G,SAM S937U GS25 EDGE 512G
SAM G766U XCVR7 PRO 128G,SAM G766U XCVR7 PRO 128G
TMO HOTSPOT 5G 2GEN,TMO HOTSPOT 5G 2GEN
TMO HOTSPOT P10M 5G 2GEN,TMO HOTSPOT P10M 5G 2GEN
Galaxy Z Flip7,SAM F766U Z FLIP7 256G
Galaxy Z Flip7,SAM F766U Z FLIP7 512G
Samsung Galaxy Z Flip7,SAM F766U Z FLIP7 256G
Samsung Galaxy Z Flip7,SAM F766U Z FLIP7 512G
Z Flip7,SAM F766U Z FLIP7 256G
Z Flip7,SAM F766U Z FLIP7 512G
Samsung Z Flip7,SAM F766U Z FLIP7 256G
Samsung Z Flip7,SAM F766U Z FLIP7 512G
ZFlip7,SAM F766U Z FLIP7 256G
ZFlip7,SAM F766U Z FLIP7 512G
Samsung ZFlip7,SAM F766U Z FLIP7 256G
Samsung ZFlip7,SAM F766U Z FLIP7 512G
SAM B7R 256G,SAM B7R 256G
SAM B7R 512G,SAM B7R 512G
Z Fold7,SAM F966U Z FOLD7 256G
Z Fold7,SAM F966U Z FOLD7 512G
Samsung Galaxy Z Fold7,SAM F966U Z FOLD7 256G
Samsung Galaxy Z Fold7,SAM F966U Z FOLD7 512G
Galaxy Z Fold7,SAM F966U Z FOLD7 256G
Galaxy Z Fold7,SAM F966U Z FOLD7 512G
Samsung Z Fold7,SAM F966U Z FOLD7 256G
Samsung Z Fold7,SAM F966U Z FOLD7 512G
Samsung ZFold7,SAM F966U Z FOLD7 256G
Samsung ZFold7,SAM F966U Z FOLD7 512G
ZFold7,SAM F966U Z FOLD7 256G
ZFold7,SAM F966U Z FOLD7 512G
GS25 FE,SAM S731U GS25 FE 128G
Samsung GS25 FE,SAM S731U GS25 FE 128G
S25 FE,SAM S731U GS25 FE 128G
Samsung S25 FE,SAM S731U GS25 FE 128G
Samsung Galaxy S25 FE,SAM S731U GS25 FE 128G
Galaxy S25 FE,SAM S731U GS25 FE 128G
Q1 SIYATA SD7 ULTRA 64G,Q1 SIYATA SD7 ULTRA 64G
RIM BLB 9780 BOLD,RIM BLB 9780 BOLD
APL IPHONE 5C 16GB,APL IPHONE 5C 16GB
APL IPAD AIR 16GB,APL IPAD AIR 16GB
APL IPAD MINI RETINA 16G,APL IPAD MINI RETINA 16G
APL IPAD AIR 32GB,APL IPAD AIR 32GB
APL IPAD AIR 64GB,APL IPAD AIR 64GB
APL IPAD MINI RETINA 16GB,APL IPAD MINI RETINA 16GB
APL IPAD AIR 128GB,APL IPAD AIR 128GB
APL IPAD MINI RETINA 32GB,APL IPAD MINI RETINA 32GB
APL IPAD MINI RETINA 64G,APL IPAD MINI RETINA 64G
APL IPAD MINI RETINA 64GB,APL IPAD MINI RETINA 64GB
APL IPAD MINI RETINA 128G,APL IPAD MINI RETINA 128G
APL IPAD MINI 16GB,APL IPAD MINI 16GB
NXT CELFI D32-24,NXT CELFI D32-24
ASKEY TM-AC1900,ASKEY TM-AC1900
ALU 9961 V1 4G LTE,ALU 9961 V1 4G LTE
HTC ONE TEMPLE,HTC ONE TEMPLE
ZTE MF64 RENO,ZTE MF64 RENO
APL IPHONE 6 PLUS 64GB,APL IPHONE 6 PLUS 64GB
APL IPHONE 6 PLUS 16GB,APL IPHONE 6 PLUS 16GB
APL IPHONE 6 PLUS 128G,APL IPHONE 6 PLUS 128G
APL IPHONE 6 PLUS 128GB,APL IPHONE 6 PLUS 128GB
APL IPHONE 6 64GB,APL IPHONE 6 64GB
APL IPHONE 6 16GB,APL IPHONE 6 16GB
APL IPHONE 6 128GB,APL IPHONE 6 128GB
APL IPHONE 5C 8GB,APL IPHONE 5C 8GB
LG D500 OPTIMUS F6 U4,LG D500 OPTIMUS F6 U4
SAM T599 GLXY EXHIBIT,SAM T599 GLXY EXHIBIT
SONY C6606 XPERIA Z YUGA,SONY C6606 XPERIA Z YUGA
NOK LUMIA 521 FLAME,NOK LUMIA 521 FLAME
APL IPHONE 5 16GB,APL IPHONE 5 16GB
SAM V100T HTSPT BISCOTTO,SAM V100T HTSPT BISCOTTO
LG P769 OPTIMUS L9,LG P769 OPTIMUS L9
SAM N900T GALAXY NOTE 3,SAM N900T GALAXY NOTE 3
LG D801 G2 SYMPHONY,LG D801 G2 SYMPHONY
ASKEY TMAC1900R WIFI CLSPT RTL,ASKEY TMAC1900R WIFI CLSPT RTL
APL IPAD MINI 3 128G,APL IPAD MINI 3 128G
APL IPAD MINI 3 16G,APL IPAD MINI 3 16G
APL IPAD MINI 3 64G,APL IPAD MINI 3 64G
APL IPAD AIR 2 128G,APL IPAD AIR 2 128G
APL IPAD AIR 2 16G,APL IPAD AIR 2 16G
APL IPAD AIR 2 64G,APL IPAD AIR 2 64G
APL IPHONE 5 32GB,APL IPHONE 5 32GB
APL IPHONE 5 64GB,APL IPHONE 5 64GB
APL IPHONE 5S 32GB,APL IPHONE 5S 32GB
APL IPHONE 5S 64GB,APL IPHONE 5S 64GB
APL IPHONE 5C 32GB,APL IPHONE 5C 32GB
APL IPAD MINI 2 32G,APL IPAD MINI 2 32G
LG P659 OPTIMUS F3 FX3,LG P659 OPTIMUS F3 FX3
NOK LUMIA 635 MONARCH,NOK LUMIA 635 MONARCH
SAM T999 GALAXY S III 16G,SAM T999 GALAXY S III 16G
SAM M919 GS4,SAM M919 GS4
APL IPHONE 6 TEST DRIVE,APL IPHONE 6 TEST DRIVE
SAM T337T G-TAB 4 FIJI,SAM T337T G-TAB 4 FIJI
SAM T817T TAB S2,SAM T817T TAB S2
SAM T989 GALAXY S II,SAM T989 GALAXY S II
SONY C6916 XPERIA Z1S I1,SONY C6916 XPERIA Z1S I1
APL IPHONE 6S PLUS 128G,APL IPHONE 6S PLUS 128G
APL IPHONE 6S PLUS 64G,APL IPHONE 6S PLUS 64G
APL IPHONE 6S PLUS 16G,APL IPHONE 6S PLUS 16G
APL IPHONE 6S 128G,APL IPHONE 6S 128G
APL IPHONE 6S 64G,APL IPHONE 6S 64G
APL IPHONE 6S 16G,APL IPHONE 6S 16G
APL IPAD MINI 4 128G,APL IPAD MINI 4 128G
APL IPAD MINI 4 64G,APL IPAD MINI 4 64G
APL IPAD MINI 4 16G,APL IPAD MINI 4 16G
APL IPAD PRO 129 128G,APL IPAD PRO 129 128G
APL IPAD PRO 129 256G,APL IPAD PRO 129 256G
APL IPAD PRO 97 256G,APL IPAD PRO 97 256G
APL IPAD PRO 97 128G,APL IPAD PRO 97 128G
APL IPAD PRO 97 32G,APL IPAD PRO 97 32G
APL IPHONE SE 64G,APL IPHONE SE 64G
ALU 9961 V2 4G LTE CELLSPOT,ALU 9961 V2 4G LTE CELLSPOT
NXT CELFID3221266 INDRCV RAIN,NXT CELFID3221266 INDRCV RAIN
SAM R805U GLXY GALILEO 46MM,SAM R805U GLXY GALILEO 46MM
SAM R815U GLXY GALILEO 42MM,SAM R815U GLXY GALILEO 42MM
GGL PIXEL 3A SARGO 64G,GGL PIXEL 3A SARGO 64G
GGL PIXEL 3A XL BONITO 64G,GGL PIXEL 3A XL BONITO 64G
GGL PIXEL 3 XL 64G,GGL PIXEL 3 XL 64G
GGL PIXEL 3 64G,GGL PIXEL 3 64G
GEO GO8 FLEET TRACKER,GEO GO8 FLEET TRACKER
SAM R825U GLX WAT A2 44MM,SAM R825U GLX WAT A2 44MM
SAM R835U GLX WAT A2 40MM,SAM R835U GLX WAT A2 40MM
GGL PIXEL 4 FLAME 128G,GGL PIXEL 4 FLAME 128G
GGL PIXEL 4 FLAME 64G,GGL PIXEL 4 FLAME 64G
GGL PIXEL 4 XL CORAL 128G,GGL PIXEL 4 XL CORAL 128G
GGL PIXEL 4 XL CORAL 64G,GGL PIXEL 4 XL CORAL 64G
GEO GO9 FLEET TRACKER,GEO GO9 FLEET TRACKER
SAM T307U GLX TAB A 32G,SAM T307U GLX TAB A 32G
SAM R845U GLXY WATCH3 45MM,SAM R845U GLXY WATCH3 45MM
SAM R855U GLXY WATCH3 41MM,SAM R855U GLXY WATCH3 41MM
ALC ONETOUCH 256MB,ALC ONETOUCH 256MB
ALC IDOL 5S 32G,ALC IDOL 5S 32G
ALC ONETOUCH RIDEFI 256G,ALC ONETOUCH RIDEFI 256G
ANS AQT100 SLATE 10 16G,ANS AQT100 SLATE 10 16G
ANS AQT80 SLATE 8 16G,ANS AQT80 SLATE 8 16G
ANS AQT82 SLATE 8 PLUS 16G,ANS AQT82 SLATE 8 PLUS 16G
ANS BKW700 WATCHMEGO 4G,ANS BKW700 WATCHMEGO 4G
ANS BKW700 WATCHMEGO 4G RED,ANS BKW700 WATCHMEGO 4G RED
HTC ONE 32G,HTC ONE 32G
BLT CAT S48C 64G,BLT CAT S48C 64G
BLT CAT S48C 32G,BLT CAT S48C 32G
CLPD 211A TRACKER 256G,CLPD 211A TRACKER 256G
OP ESS 2ALBBA11 128G,OP ESS 2ALBBA11 128G
FRA C801 WRLS MODEM 256G,FRA C801 WRLS MODEM 256G
FRA R850 MOBILE HOTSPOT,FRA R850 MOBILE HOTSPOT
FRA R910 512G,FRA R910 512G
FRA U602 USB,FRA U602 USB
HAR HAS15 SPRINT DRIVE 8G,HAR HAS15 SPRINT DRIVE 8G
HTC BLINKBOX 5G HOTSPOT,HTC BLINKBOX 5G HOTSPOT
HTC ONE A9 32G,HTC ONE A9 32G
HTC 10 32G,HTC 10 32G
HTC BOLT 64G,HTC BOLT 64G
HTC U11 LIFE 64G,HTC U11 LIFE 64G
HUA F255 PHN CONNECT SYS3,HUA F255 PHN CONNECT SYS3
HUA F285 PHN CONNECT SYS1,HUA F285 PHN CONNECT SYS1
KYO E4750 DURATR 8G,KYO E4750 DURATR 8G
KYO E6830 DURAFORCE PRO,KYO E6830 DURAFORCE PRO
KYO E6833 DURAFORCE PRO,KYO E6833 DURAFORCE PRO
KYO C6743 HYDRO REACH,KYO C6743 HYDRO REACH
KYO E4281 DURAXTP 512MB,KYO E4281 DURAXTP 512MB
KYO E6715 TORQUE 4G,KYO E6715 TORQUE 4G
LG G7 THINQ 64G,LG G7 THINQ 64G
LG G8 THINQ 128G,LG G8 THINQ 128G
LG G8X THINQ 128G,LG G8X THINQ 128G
LG LK430 8G,LG LK430 8G
LG LGLK460 16G,LG LGLK460 16G
LG LS450 K3 8G,LG LS450 K3 8G
LG LS665 TRIBUTE 2 8G,LG LS665 TRIBUTE 2 8G
LG LS675 TRIBUTE 5 8G,LG LS675 TRIBUTE 5 8G
LG LS676 TRIBUTE HD 8G,LG LS676 TRIBUTE HD 8G
LG LS755 VOLT 3 16G,LG LS755 VOLT 3 16G
LG LS777 STYLO 3 16G,LG LS777 STYLO 3 16G
LG LS970 OPTIMUS 32G,LG LS970 OPTIMUS 32G
LG LS991 G4 32G,LG LS991 G4 32G
LG LS992 G5 32G,LG LS992 G5 32G
LG LS992 G5 32G TI,LG LS992 G5 32G TI
LG Q710PL STYLO 4+ 32G,LG Q710PL STYLO 4+ 32G
LG SP200 TRIBUTE DYN 16G,LG SP200 TRIBUTE DYN 16G
LG SP320 X CHARGE 16G,LG SP320 X CHARGE 16G
LG V450PM V50 THINKQ 128G,LG V450PM V50 THINKQ 128G
MOT 1766 E4 16G,MOT 1766 E4 16G
MOT 1776 E4 PLUS 16G,MOT 1776 E4 PLUS 16G
MOT 1789 Z2 FORCE 64G,MOT 1789 Z2 FORCE 64G
MOT E5 PLAY 16G,MOT E5 PLAY 16G
MOT 19248 E5 PLUS 32G,MOT 19248 E5 PLUS 32G
MOT 19293 Z3 PLAY 32G,MOT 19293 Z3 PLAY 32G
MOT 19248 G7 PLAY,MOT 19248 G7 PLAY
MOT XT1103 NEXUS 6 32G,MOT XT1103 NEXUS 6 32G
NOV INSEEGO MIFI 8000 4G,NOV INSEEGO MIFI 8000 4G
NET AC779S HOTSPOT,NET AC779S HOTSPOT
PCD H364 PHN CONNECT SYS2A,PCD H364 PHN CONNECT SYS2A
SON XP STRIKE IS 512G,SON XP STRIKE IS 512G
SON XP STRIKE 512G,SON XP STRIKE 512G
SON XP3 8G,SON XP3 8G
SON XP5 16G,SON XP5 16G
SON XP8 64G,SON XP8 64G
SON XP3 NC 8G,SON XP3 NC 8G
SAM G970U GS10E 256G,SAM G970U GS10E 256G
SAM F700U GXY Z FLIP 256G,SAM F700U GXY Z FLIP 256G
SAM G988U GS20 ULT 5G 512G,SAM G988U GS20 ULT 5G 512G
SAM T237S GALAXY TAB 4 16G,SAM T237S GALAXY TAB 4 16G
SAM A505U A50 64G,SAM A505U A50 64G
SAM G960U GS9 64G,SAM G960U GS9 64G
SAM G965U GS9+ 64G,SAM G965U GS9+ 64G
SAM G986U GS20+ 5G 128G D,SAM G986U GS20+ 5G 128G D
SAM J320 GALAXY J3 16G,SAM J320 GALAXY J3 16G
SAM J327 GXY J3 EMERGE 16G,SAM J327 GXY J3 EMERGE 16G
SAM J337P GXY J3 ACHV 16G,SAM J337P GXY J3 ACHV 16G
SAM J727 J7 PERX 16G,SAM J727 J7 PERX 16G
SAM J737P J7 REFINE 32G,SAM J737P J7 REFINE 32G
SAM N960U NOTE 9 128G,SAM N960U NOTE 9 128G
SAM N970U NOTE 10 256G,SAM N970U NOTE 10 256G
SAM SMT517 32G,SAM SMT517 32G
SAM T587 TAB A 16G,SAM T587 TAB A 16G
SAM T597P TAB A 10.5,SAM T597P TAB A 10.5
SAM SMW737 32G,SAM SMW737 32G
SAM N975U NOTE 10+ 512G,SAM N975U NOTE 10+ 512G
TCT BLACKBERRY KEYONE 32GB,TCT BLACKBERRY KEYONE 32GB
ZTE N9560 MAX XL 16G,ZTE N9560 MAX XL 16G
ZTE MF920VS WARP CONN 128G,ZTE MF920VS WARP CONN 128G
ZTE MF975 POCKET WIFI HTSPT,ZTE MF975 POCKET WIFI HTSPT
ZTE WF723 PHN CONNECT 4,ZTE WF723 PHN CONNECT 4
SAM R865U GW4 40MM,SAM R865U GW4 40MM
SAM R895U GW4 CLASSIC 46MM,SAM R895U GW4 CLASSIC 46MM
SAM R885U GW4 CLASSIC 42MM,SAM R885U GW4 CLASSIC 42MM
SAM R875U GW4 44MM,SAM R875U GW4 44MM
SAM G973U GS10 128G,SAM G973U GS10 128G
GGL PIXEL WATCH ROHAN 32G,GGL PIXEL WATCH ROHAN 32G
SAM R915U GW5 44MM,SAM R915U GW5 44MM
SAM R925U GW5 PRO 45MM,SAM R925U GW5 PRO 45MM
SAM R905U GW5 40MM,SAM R905U GW5 40MM
GEO AI12 128G,GEO AI12 128G
SAM R945U GW6 44MM,SAM R945U GW6 44MM
SAM R935U GW6 40MM,SAM R935U GW6 40MM
SAM R965U GW6 CLS 47MM,SAM R965U GW6 CLS 47MM
SAM R955U GW6 CLS 43MM,SAM R955U GW6 CLS 43MM
GGL PIXEL WATCH 2 E14 32G,GGL PIXEL WATCH 2 E14 32G
GEO GO9B FLEET TRACKER,GEO GO9B FLEET TRACKER
SAM L305U GW7 40MM,SAM L305U GW7 40MM
SAM L315U GW7 44MM,SAM L315U GW7 44MM
SAM L705U GW ULTRA 47MM,SAM L705U GW ULTRA 47MM
GGL PIXEL WATCH3 41MM FSE22 32,GGL PIXEL WATCH3 41MM FSE22 32
GGL PIXEL WATCH 3 45MM FL22 32,GGL PIXEL WATCH 3 45MM FL22 32
SAM R866U GWFE 40MM,SAM R866U GWFE 40MM
GEO GO ANYWHERE TRACKER,GEO GO ANYWHERE TRACKER
TMO T-FIBER ROUTER,TMO T-FIBER ROUTER
GGL FME23 32G,GGL FME23 32G
GGL FK23 32G,GGL FK23 32G
GGL RG5 256G,GGL RG5 256G
GGL MT5 512G,GGL MT5 512G
GGL MT5 256G,GGL MT5 256G
GGL FL5 256G,GGL FL5 256G
GGL FL5 128G,GGL FL5 128G
GGL BZ5 256G,GGL BZ5 256G
GGL BZ5 128G,GGL BZ5 128G
ALC 4060W PIXI 4.5,ALC 4060W PIXI 4.5
APL IPHONE 4S,APL IPHONE 4S
APL IPHONE 4,APL IPHONE 4
APL IPAD RET 10 4GEN 16G,APL IPAD RET 10 4GEN 16G
APL IPAD RET 10 4GEN 32G,APL IPAD RET 10 4GEN 32G
APL IPAD RET 10 4GEN 64G,APL IPAD RET 10 4GEN 64G
APL IPAD MINI 7 16G,APL IPAD MINI 7 16G
APL IPAD MINI 7 32G,APL IPAD MINI 7 32G
APL IPAD MINI 7 64G,APL IPAD MINI 7 64G
APL IPAD RET 10 128G,APL IPAD RET 10 128G
APL IPAD MINI RETINA 32G,APL IPAD MINI RETINA 32G
APL IPHONE 4S 8GB,APL IPHONE 4S 8GB
NOK BEACON 2,NOK BEACON 2
NOK BEACON G6,NOK BEACON G6
NOK BEACON G6.2,NOK BEACON G6.2
ALC ONETOUCH 1018,ALC ONETOUCH 1018
ANS U520 WIKO RIDE16G,ANS U520 WIKO RIDE16G
HTC 0PAJ5 ONE E8 16G,HTC 0PAJ5 ONE E8 16G
HTC 801C ONE M7 32G,HTC 801C ONE M7 32G
HTC ONE M8 JORDAN,HTC ONE M8 JORDAN
HTC 902C ONE MAX 32G,HTC 902C ONE MAX 32G
HTC A9292 EVO 1G,HTC A9292 EVO 1G
HTC X325C EVO 4G,HTC X325C EVO 4G
HTC X515C EVO 3D 1G,HTC X515C EVO 3D 1G
AUD 9155,AUD 9155
CLPD LEGACY 16G,CLPD LEGACY 16G
CLPD 3706AS LEGACY 32G,CLPD 3706AS LEGACY 32G
MSFT SURFACE PEN,MSFT SURFACE PEN
MSFT SURFACE 3 128GB WIN 10,MSFT SURFACE 3 128GB WIN 10
#,#
MSFT SURFACE 3 128GB,MSFT SURFACE 3 128GB
MSFT SURFC 3 128G W/PEN AND TY,MSFT SURFC 3 128G W/PEN AND TY
MSFT SURFACE 3 TYPE COVER BLAC,MSFT SURFACE 3 TYPE COVER BLAC
MSFT SURFACE 3 64GB,MSFT SURFACE 3 64GB
MSFT SURFC 3 64G W/PEN AND TYP,MSFT SURFC 3 64G W/PEN AND TYP
NOK LUMIA 2520,NOK LUMIA 2520
MSFT SURFACE ARC TOUCH MOUSE,MSFT SURFACE ARC TOUCH MOUSE
SIER DELL 3340,SIER DELL 3340
DUMMY25IPHONE NPI PRO MAX MEM3,DUMMY25IPHONE NPI PRO MAX MEM3
DUMMY IPHONE NPI MEM 1,DUMMY IPHONE NPI MEM 1
DUMMY IPHONE NPI MEM 2,DUMMY IPHONE NPI MEM 2
DUMMY25IPHONE NPI PRO MAX MEM4,DUMMY25IPHONE NPI PRO MAX MEM4
DUMMY IPHONE NPI MEM 3,DUMMY IPHONE NPI MEM 3
DUMMY IPHONE NPI MEM 4,DUMMY IPHONE NPI MEM 4
DUMMY25IPHONE NPI PRO MAX MEM5,DUMMY25IPHONE NPI PRO MAX MEM5
DUMMY IPHONE NPI PLUS MEM 1,DUMMY IPHONE NPI PLUS MEM 1
DUMMY25IPHONE NPI PRO MAX MEM6,DUMMY25IPHONE NPI PRO MAX MEM6
DUMMY IPHONE NPI PLUS MEM 2,DUMMY IPHONE NPI PLUS MEM 2
DUMMY 25 IPHONE NPI ULTRA MEM2,DUMMY 25 IPHONE NPI ULTRA MEM2
DUMMY IPHONE NPI PLUS MEM 3,DUMMY IPHONE NPI PLUS MEM 3
DUMMY IPHONE NPI PLUS MEM 4,DUMMY IPHONE NPI PLUS MEM 4
DUMMY 25 IPHONE NPI ULTRA MEM3,DUMMY 25 IPHONE NPI ULTRA MEM3
DUMMY 25 IPHONE NPI ULTRA MEM4,DUMMY 25 IPHONE NPI ULTRA MEM4
DUMMY 25 IPHONE NPI ULTRA MEM5,DUMMY 25 IPHONE NPI ULTRA MEM5
DUMMY IPHONE NPI PRO MEM 4,DUMMY IPHONE NPI PRO MEM 4
DUMMY IPHONE NPI PRO MEM 5,DUMMY IPHONE NPI PRO MEM 5
DUMMY IPHONE NPI PRO MAX METRO,DUMMY IPHONE NPI PRO MAX METRO
DUMMY IPHONE NPI PRO MAX MEM 2,DUMMY IPHONE NPI PRO MAX MEM 2
DUMMY IPHONE NPI PRO MAX MEM 3,DUMMY IPHONE NPI PRO MAX MEM 3
DUMMY AW NPI SE3 44,DUMMY AW NPI SE3 44
DUMMY AW NPI SE3 40,DUMMY AW NPI SE3 40
GOOGLE PIXEL,GOOGLE PIXEL
FRA U772 512G,FRA U772 512G
GEOTAB GO9 RUGGED,GEOTAB GO9 RUGGED
HTC 0PCV1 DESIRE 510 18G,HTC 0PCV1 DESIRE 510 18G
HTC 2PW21 DESIRE 20 128G,HTC 2PW21 DESIRE 20 128G
HTC 2PW41 DESIRE 20 PLS 128G,HTC 2PW41 DESIRE 20 PLS 128G
HUA H1511 64G,HUA H1511 64G
HUA H1511 128G,HUA H1511 128G
HUA H1511 32G,HUA H1511 32G
KYO C5155 RISE 512G,KYO C5155 RISE 512G
KYO C5215 HYDRO EDGE 4G,KYO C5215 HYDRO EDGE 4G
KYO C6725 HYDRO VIBE 8G,KYO C6725 HYDRO VIBE 8G
KYO E4210 DURACORE 64G,KYO E4210 DURACORE 64G
KYO E4233 DURA PLUS 256G,KYO E4233 DURA PLUS 256G
KYO E4277 DURA XT 256G,KYO E4277 DURA XT 256G
KYO E6710 TORQUE 4G,KYO E6710 TORQUE 4G
KYO E6710 TORQUE,KYO E6710 TORQUE
KYO S2151 KONA 256G,KYO S2151 KONA 256G
KYO S3150 VERVE,KYO S3150 VERVE
LG LN272S REFLEX S 256G,LG LN272S REFLEX S 256G
LG LN510 TOUCH,LG LN510 TOUCH
LG LX610 LOTUS,LG LX610 LOTUS
LG LS670 OPTIMUS,LG LS670 OPTIMUS
LG S696 ELITE 1G,LG S696 ELITE 1G
LG LS840 VIPER,LG LS840 VIPER
LG D820 NEXUS 5,LG D820 NEXUS 5
LG D820 GPAD 8.3 16G,LG D820 GPAD 8.3 16G
LG H790 NEXUS 5X 16G,LG H790 NEXUS 5X 16G
LG H790 NEXUS 5X 32G,LG H790 NEXUS 5X 32G
LG LK430 GPAD 7.0 8G,LG LK430 GPAD 7.0 8G
LG LG720 OPTIMUS F3 4G,LG LG720 OPTIMUS F3 4G
LG LS860 MACH,LG LS860 MACH
LG LS885 G3 VIGOR 8G,LG LS885 G3 VIGOR 8G
LG LS980 G2 32G,LG LS980 G2 32G
LG LS990 G3 32G,LG LS990 G3 32G
LG LS995 G FLEX 32G,LG LS995 G FLEX 32G
LG LS996 G FLEX2 32G,LG LS996 G FLEX2 32G
LG X220P TRIBUTE EMPI 16G,LG X220P TRIBUTE EMPI 16G
LG X320 TRIBUTE 16G,LG X320 TRIBUTE 16G
MOTO 1056 X 16G,MOTO 1056 X 16G
MOTO 1056 X 64G,MOTO 1056 X 64G
MOTO 1056 X,MOTO 1056 X
MOT 1103 NEXUS 64G,MOT 1103 NEXUS 64G
MOTO XT1575 X PURE 16G,MOTO XT1575 X PURE 16G
MOTO XT1575 X PURE 32G,MOTO XT1575 X PURE 32G
MOTO XT1575 X PURE 64G,MOTO XT1575 X PURE 64G
MOTO 1607 G PLAY 16G,MOTO 1607 G PLAY 16G
MOTO 1625 G4 32G,MOTO 1625 G4 32G
MOTO 1644 G4 PLUS 32G,MOTO 1644 G4 PLUS 32G
MOTO 1710 Z2 PLAY 64G,MOTO 1710 Z2 PLAY 64G
MOTO 1768 E4 16G,MOTO 1768 E4 16G
MOTO 1775 E4 PLUS 16G,MOTO 1775 E4 PLUS 16G
MOTO 1775 E4 PLUS 32G,MOTO 1775 E4 PLUS 32G
MOT 20453 E 32G,MOT 20453 E 32G
MOT XT603 ADMIRAL,MOT XT603 ADMIRAL
MOT XT897 PHOTON 8G,MOT XT897 PHOTON 8G
NOK LUMIA 635,NOK LUMIA 635
NET AC341 HOTSPOT,NET AC341 HOTSPOT
NET FIXED MODEM,NET FIXED MODEM
NET AC771S SCARFI HTSPT,NET AC771S SCARFI HTSPT
NET AC771S HTSPT,NET AC771S HTSPT
NOV 5580 MIFI 3G,NOV 5580 MIFI 3G
OP THD1907,OP THD1907
ALC 7024W 1T FIERCE RAV4,ALC 7024W 1T FIERCE RAV4
LG D851 G3,LG D851 G3
SAM T869 GALAXY TAB 7.0 PLUS,SAM T869 GALAXY TAB 7.0 PLUS
ZTE ZMAX TMUS,ZTE ZMAX TMUS
BLB 10 2G,BLB 10 2G
SAM T217T GALAXY TAB 3,SAM T217T GALAXY TAB 3
SIER AC 250U HOTSPOT,SIER AC 250U HOTSPOT
KYO SCP 2700,KYO SCP 2700
SHA 306SH AQUOS 8G,SHA 306SH AQUOS 8G
KYO SCP 3100,KYO SCP 3100
KYO SCP 4900,KYO SCP 4900
HTC 501C DESIRE 510,HTC 501C DESIRE 510
KYO SCP 6760,KYO SCP 6760
SAM M919 GALAXY S 4 16GB,SAM M919 GALAXY S 4 16GB
SAM L710 GLAXY S4 16G,SAM L710 GLAXY S4 16G
KYO M9300,KYO M9300
SAM G986U GS20+ 5G 512G,SAM G986U GS20+ 5G 512G
BLB 9930 BOLD,BLB 9930 BOLD
RIM 9780 BOLD NON CAM,RIM 9780 BOLD NON CAM
SAM A516U A51 128G,SAM A516U A51 128G
SIE AC803S HTSPT,SIE AC803S HTSPT
SAM D710 EPIC 16G,SAM D710 EPIC 16G
SAM D720 NEXUS S,SAM D720 NEXUS S
SAM G781U GS20 FE 5G 256G,SAM G781U GS20 FE 5G 256G
SAM G860 GS5 SPORT 16G,SAM G860 GS5 SPORT 16G
SAM G900 GS5 16G,SAM G900 GS5 16G
SAM G930T GS7 32G,SAM G930T GS7 32G
SAM G935T GS7 EDGE 32G,SAM G935T GS7 EDGE 32G
SAM G955P GS8+ DREAM 2,SAM G955P GS8+ DREAM 2
SAM G981U GS20 5G 128G,SAM G981U GS20 5G 128G
ASPN MAGIC BOX GEN 3,ASPN MAGIC BOX GEN 3
SAM ATIV S I800,SAM ATIV S I800
SAM L300 GALAXY VICTORY  4G,SAM L300 GALAXY VICTORY  4G
SAM GS4 MINI 16G,SAM GS4 MINI 16G
SAM GS MEGA 8G,SAM GS MEGA 8G
SAM L710 GLAXY S III 16G,SAM L710 GLAXY S III 16G
SAM L720T GALAXY S4,SAM L720T GALAXY S4
SAM M390 ARRAY,SAM M390 ARRAY
SAM M400,SAM M400
HAR TREBL MAGIC BOX,HAR TREBL MAGIC BOX
ZTE MF97A HTSPT,ZTE MF97A HTSPT
SAM N900T GALAXY NOTE 3 32G,SAM N900T GALAXY NOTE 3 32G
ZTE N9810 VITAL 8G,ZTE N9810 VITAL 8G
SAM P500 GALAXY TAB2,SAM P500 GALAXY TAB2
CASA PEBBLE LTE FEMTO,CASA PEBBLE LTE FEMTO
ZTE S155 VEGO YD,ZTE S155 VEGO YD
SAM T237 TAB 4 16G,SAM T237 TAB 4 16G
SAM T727P TAB 64G,SAM T727P TAB 64G
ZTE V72C TAB 8G,ZTE V72C TAB 8G
SAM G930U GS7 32G,SAM G930U GS7 32G
SAM R805U GALAXY WATCH 49MM,SAM R805U GALAXY WATCH 49MM
ACCESSORIES,ACCESSORIES
TMO T-FIBER MESH ACCESS POINT,TMO T-FIBER MESH ACCESS POINT
SAM SMW767 256G,SAM SMW767 256G
MOT MB501 CLIQ XT,MOT MB501 CLIQ XT
SER TM717 EQUINOX,SER TM717 EQUINOX
KYO C6530N LATITUDE,KYO C6530N LATITUDE
MOT M3682,MOT M3682
MOT A630,MOT A630
MOT APOLLO 32GB,MOT APOLLO 32GB
MOT APOLLO 64GB,MOT APOLLO 64GB
MOT C350,MOT C350
MOT C650,MOT C650
MOT MB502 CHARM,MOT MB502 CHARM
MOT MB525 DEFY,MOT MB525 DEFY
MOT MB611 CLIQ 2,MOT MB611 CLIQ 2
MOT PEBL,MOT PEBL
MOT V195,MOT V195
NXT CELFI RS1-4,NXT CELFI RS1-4
NXT CELFI RS224,NXT CELFI RS224
APL IPHONE 5C 16G,APL IPHONE 5C 16G
SIE S12,SIE S12
